PDB	CHAIN	UniprotID	Annotation	Variantion Text
133l	A	P61626	HUMAN LYSOZYME	I74T
121p	A	P01112	H-RAS P21 PROTEIN	G12C,G13C,G60V,G12V,G60D,G12S,G13D,G13V,T58I,G12A,Q61K,Q61L,G12D
1a36	A	P11387	TOPOISOMERASE I	M370T,N722S,D533G
1a0z	B	P68871	HEMOGLOBIN (BETA CHAIN)	L29R,T39P,N109I,L111P,Y131C,N109D,L107R,E122K,A136D,F104V,D100A,L107Q,D100H,F123S,L107P,V99E,N103H,V135A,F42C,L107V,V112F,P37H,V99M,V24I,D100V,G108D,Q128R,Q132H,A28S,L106F,V24A,V19G,D100N,D100G,Q128P,F104I,A136V,F42S,A129P,R31T,N109S,T39I,E27A,H117P,L69F,E27K,G30S,Q40H,A28G,L29M,L32R,L32V,N140T,A129V
1aie	A	P04637	P53	R337C,R337H,R342P
1anw	A	P08758	ANNEXIN V	I279T
1anx	A	P08758	ANNEXIN V	I279T
1b5u	A	P61626	PROTEIN (LYSOZYME)	I74T
1b5y	A	P61626	PROTEIN (LYSOZYME)	I74T
1b7n	A	P61626	PROTEIN (LYSOZYME)	I74T
1bil	A	P00797	Renin	D104N
1bka	A	P02788	LACTOFERRIN	A149V
1bmq	A	P29466	PROTEIN (INTERLEUKIN-1 BETA CONVERTASE)	K226R,S188L
1bmz	A	P02766	PROTEIN (TRANSTHYRETIN)	F53L,F53I,V50A,L78R,A111S,A117S,T80A,K90N,A117G,T126N,W61L,F84L,I127M,L75P,V50L,L78H,A65T,C30R,Y89H,I93V,L131M,Y136S,I127V,F53V,H108R,V91A,A140S,L32P,V50M,L75Q,F64S,A65D,A65S,L75R,T79K
1boy	A	P13726	HUMAN TISSUE FACTOR	E228K
1bp3	A	P01241	PROTEIN (GROWTH HORMONE)	R103C,S97F,T201A,E100K
1bp3	B	P16471	PROTEIN (PROLACTIN RECEPTOR)	I170L
1cam	A	P00918	CARBONIC ANHYDRASE II	Q92P,H107Y,G144R,H94Y
1cai	A	P00918	CARBONIC ANHYDRASE II	Q92P,H107Y,G144R,H94Y
1cb6	A	P02788	Lactotransferrin	A149V
1cng	A	P00918	CARBONIC ANHYDRASE II	Q92P,H107Y,G144R,H94Y
1cb5	A	Q13867	BLEOMYCIN HYDROLASE	I443V
1d5v	A	Q99958	S12 TRANSCRIPTION FACTOR (FKH-14)	S125L
1dan	L	P08709	BLOOD COAGULATION FACTOR VIIA light chain	Q138R
1dan	H	P08709	BLOOD COAGULATION FACTOR VIIA heavy chain	A332V,R342Q
1dca	A	P00918	CARBONIC ANHYDRASE II	Q92P,H107Y,G144R,H94Y
1dsw	A	P00441	SUPEROXIDE DISMUTASE (CU-ZN)	G73S,A146T,G17S,L127S,L9Q,D125V,V149G,I113M,H81A,D77Y,F46C,D102G,R116G,A5S,L9V,L107V,V8E,D102N,C147R,I150T,L85V,V149I,I105F,I113T,A5V,G86R,L85F,A5T,H47R,C7F,H49Q
1dst	A	P00746	FACTOR D	C214R,Y39C
1dsu	A	P00746	FACTOR D	C214R,Y39C
1e1u	A	P04156	PRION PROTEIN	E200K,G142S,H187R,R208H,V180I,E211Q,V210I,Q217R,V203I,G131V,Q212P
1dxu	B	P68871	HEMOGLOBIN (DEOXY) (BETA CHAIN)	T39P,N109I,N109D,A136D,D95Y,D100A,F43V,F104V,Y146D,D100H,H144N,V99E,H144L,G137S,N103H,V135A,F42C,V112F,G137A,P37H,V99M,D100V,G108D,Q128R,H93R,L106F,D100N,D100G,Q128P,F104I,A136V,F42S,V2G,N109S,T39I,H93Y,V134M,V134A,Q40H,Y146N,Q132H,L32R,L32V,N140T,Y131C
1dxv	B	P68871	HEMOGLOBIN (DEOXY) (BETA CHAIN)	T39P,N109I,N109D,A136D,F104V,D100A,F43V,Y146D,D100H,H144N,V99E,H144L,G137S,N103H,V135A,F42C,V112F,G137A,P37H,V99M,D100V,G108D,Q128R,H93R,L106F,D100N,D100G,Q128P,F104I,A136V,F42S,N109S,T39I,H93Y,V134M,V134A,Q40H,Y146N,Q132H,L32R,L32V,N140T,Y131C
1e31	B	O15392	APOPTOSIS INHIBITOR SURVIVIN	S96L,R108W
1e4h	A	P02766	TRANSTHYRETIN	F53L,F53I,V50A,L78R,E81K,A111S,T80A,E81G,K90N,T126N,F84L,I127M,L75P,V50L,L78H,A65T,C30R,Y89H,I93V,L131M,Y136S,I127V,F53V,H108R,V91A,L32P,V50M,L75Q,F64S,A65D,A65S,L75R,T79K
1ej5	A	P42768	WISKOTT-ALDRICH SYNDROME PROTEIN	L270P,S272P,I294T
1emj	A	P13051	URACIL-DNA GLYCOSYLASE	F251S
1eot	A	P51671	EOTAXIN	K86T
1f1j	B	P55210	CASPASE-7 PROTEASE	R249K
1fql	A	P00918	CARBONIC ANHYDRASE	Q92P,H107Y,G144R,H94Y
1fqr	A	P00918	CARBONIC ANHYDRASE	Q92P,H107Y,G144R,H94Y
1fie	B	P00488	COAGULATION FACTOR XIII	A395V,R327Q
1g53	A	P00918	CARBONIC ANHYDRASE II	Q92P,H107Y,G144R,H94Y
1gag	A	P06213	INSULIN RECEPTOR, TYROSINE KINASE DOMAIN	I1143T,R1020Q,A1161T,A1162E,E1206D,W1227S,R1201Q,E1206K,R1158W,M1180I,A1055V,P1205L,R1201W
1gli	B	P68871	DEOXYHEMOGLOBIN	T39P,N109I,N109D,L107R,A136D,D95Y,D100A,F43V,F104V,L107Q,Y146D,D100H,L107P,V99E,G137S,N103H,V135A,F42C,L107V,V112F,G137A,F46Y,P37H,V99M,D100V,G108D,Q128R,H93R,Q132H,L106F,D100N,D100G,Q128P,F104I,A136V,F42S,N109S,T39I,H93Y,V134M,E44G,V134A,Q40H,Y146N,L33P,L32R,L33Q,L32V,N140T,Y131C
1gnj	A	P02768	SERUM ALBUMIN	R242H,R242P
1gnr	A	P01112	C-H-RAS P21 PROTEIN	G12C,G13C,G60V,G12V,G60D,G12S,G13D,G13V,T58I,G12A,Q61K,Q61L,G12D
1hcc	A	P08603	16TH COMPLEMENT CONTROL PROTEIN	Q950H,W978C,C959Y,T956M,Y951H
1hea	A	P00918	CARBONIC ANHYDRASE II	Q92P,H107Y,G144R,H94Y
1hdz	A	P00325	ALCOHOL DEHYDROGENASE	R370C
1hgc	B	P68871	HEMOGLOBIN (DEOXY) (BETA CHAIN)	N58S,L111P,T39P,N58H,N109I,Y131C,N109D,L107R,A136D,F104V,D100A,L107Q,Y146D,D100H,F123S,L107P,G137S,N103H,V135A,A54T,L107V,V112F,G137A,F46Y,P37H,G108D,V24I,D100V,Q128R,V61E,A28S,L106F,V24A,D100N,D100G,G57C,Q128P,F104I,E23D,A129P,A136V,R31T,N109S,T39I,K60T,E27A,V134M,H117P,E27K,G30S,V134A,A28G,Y146N,Q132H,L32R,V34M,L32V,N140T,A129V
1hse	A	P02788	LACTOFERRIN	A149V
1huw	A	P01241	HUMAN GROWTH HORMONE	T53I,E100K,R103C,T201A,S97F,R42C
1hrn	A	P00797	RENIN	D104N
1hva	A	P00918	CARBONIC ANHYDRASE II	Q92P,H107Y,G144R,H94Y
1i44	A	P06213	INSULIN RECEPTOR	I1143T,A1161T,A1162E,W1227S,A1075D,R1201Q,R1158W,M1180I,R1119W,R1201W
1i4m	A	P04156	MAJOR PRION PROTEIN	D202N,H187R,V180I,Q217R,F198S,D178N
1i5s	A	P33173	KINESIN-LIKE PROTEIN KIF1A	L181F
1jsg	A	P56279	ONCOGENE PRODUCT P14TCL1	V103M,V11I
1jrr	P	P05120	PLASMINOGEN ACTIVATOR INHIBITOR-2	G374A
1jvq	I	P01008	ANTITHROMBIN-III	R425P,I453T,R425H,L302P,S397P,Y95C,W257R,R425C,G456R,D398H,I251T,F90L,T243I,L98P,Y95S,R89C,P112T,R457T,G424D,F261L
1lf5	A	P01112	Transforming protein P21/H-RAS-1	G60V,T58I,G60D
1lfv	B	P68871	Hemoglobin beta chain	L29R,T39P,N109I,L111P,Y131C,N109D,L107R,D95Y,D100A,F43V,F104V,L107Q,Y146D,D100H,F123S,L107P,V99E,N103H,V135A,F42C,S90T,L107V,V112F,V34M,P37H,V99M,D100V,G108D,Q128R,H93R,Q132H,A28S,L106F,L89P,L29M,D100N,D100G,Q128P,F104I,F42S,A129P,R31T,N109S,T39I,H93Y,H117P,G30S,Q40H,A28G,Y146N,L33P,L32R,L33Q,L32V,A129V
1lfi	A	P02788	LACTOFERRIN	A149V
1lfl	B	P68871	Hemoglobin beta chain	G65A,N58S,L29R,T39P,N58H,N109I,L111P,N109D,F86S,L107R,A136D,F104V,D100A,F43V,L107Q,D100H,L107P,V99E,G137S,N103H,V135A,F42C,L107V,V112F,G137A,V34M,F46Y,P37H,V99M,V24I,D100V,G108D,H93R,Q128R,Q132H,V61E,A28S,L106F,V24A,L29M,D100N,D100G,H64P,Q128P,F104I,E23D,F42S,A136V,R31T,N109S,T39I,K60T,H93Y,E27A,H64N,L69F,E27K,G30S,A28G,V68E,L33P,L32R,L33Q,L32V,N140T
1lwy	A	O15527	8-OXOGUANINE DNA GLYCOSYLASE	R46Q,R131Q,R154H
1lz6	A	P61626	HUMAN LYSOZYME	I74T
1lzs	A	P61626	HUMAN LYSOZYME	I74T
1m7r	A	Q13614	Myotubularin-related Protein-2	E430Q
1n5u	A	P02768	SERUM ALBUMIN	R242H,R242P
1n7x	A	P02787	Serotransferrin	D77N
1nvv	Q	P01112	Transforming protein p21/H-RAS-1	G60V,G13C,G60D,G13D,Q61K,T58I,G13V,Q61L
1nvv	R	P01112	Transforming protein p21/H-RAS-1	G12C,G13C,G60V,G12V,G60D,G12S,G13D,G13V,T58I,G12A,Q61K,Q61L,G12D
1nvv	S	Q07889	Son of sevenless protein homolog 1	E846K,W729L,I733F
1nyx	A	P37231	peroxisome proliferator activated receptor gamma	R425C
1okl	A	P00918	CARBONIC ANHYDRASE II	Q92P,H107Y,G144R,H94Y
1nzz	A	P05091	Aldehyde dehydrogenase	V257M
1p8v	A	P07359	Platelet glycoprotein Ib alpha chain	R36G
1q02	A	Q13501	sequestosome 1	S399P,G411S,P392L,P387L,M404T,G425R,M404V
1q1q	A	O00204	sulfotransferase family, cytosolic, 2B, member 1 isoform a	P149L
1pzu	B	Q13469	Nuclear factor of activated T-cells, cytoplasmic 2	H426R
1q38	A	P02751	Fibronectin	T710I
1rg2	B	Q9NUW8	Tyrosyl-DNA phosphodiesterase 1	H493R
1rg1	B	Q9NUW8	Tyrosyl-DNA phosphodiesterase 1	H493R
1r4c	A	P01034	Cystatin C	A72S,T142A
1rt9	A	P00491	Purine nucleoside phosphorylase	V227I,R234P,Y192C,A117T,G190V,D128G
1rwk	A	P29466	Interleukin-1 beta convertase	K226R,S188L
1s6o	A	Q04656	Copper-transporting ATPase 1	I189V
1shj	B	P55210	Caspase-7	R249K
1s9v	A	P01909	HLA class II histocompatibility antigen, DQ(3) alpha chain	R64K,A68V,R70Q
1shl	B	P55210	Caspase-7	R249K
1sac	A	P02743	SERUM AMYLOID P COMPONENT	V223I
1t1f	A	P01008	Antithrombin-III	L158P,P73L,R425P,A416S,R79H,P439T,C462F,R438M,I453T,E269K,R425H,L302P,R438G,A419V,A416P,I316N,N437K,Y95C,W257R,R425C,A436T,G456R,I251T,F90L,P461L,P439L,L441P,A414T,R161Q,R79S,E334K,A459D,L98P,M283V,R79C,R89C,Y95S,P112T,R457T,G424D,S412R,F261L
1tay	A	P61626	HUMAN LYSOZYME	I74T
1tbt	X	P00918	Carbonic anhydrase II	Q92P,H107Y,G144R,H94Y
1tby	A	P61626	HUMAN LYSOZYME	I74T
1ttm	A	P00918	Carbonic anhydrase II	Q92P,H107Y,G144R,H94Y
1ttc	A	P02766	Transthyretin	F53L,F53I,V50A,E74K,L78R,E81K,A111S,A117S,T80A,E81G,K90N,A117G,E74G,T126N,F84L,I127M,L75P,V50L,L78H,I88L,C30R,Y89H,I93V,L131M,Y136S,I127V,F53V,H108R,V91A,L32P,V50M,L75Q,F64S,L75R,T79K
1tu6	A	P43235	Cathepsin K	A277V,G146R
1tup	A	P04637	PROTEIN (P53 TUMOR SUPPRESSOR )	V173A,G245S,R158L,R158H,C238W,Y234H,I195T,R273G,Y163C,I251L,F270S,C141Y,V173L,G245D,R273C,R273P,G245C,R213Q,V173M,R273S,R273H,M246V,G245V,C238Y
1u5b	A	P12694	2-oxoisovalerate dehydrogenase alpha subunit	Y413C,I326T,T211M,R159W,A220V,E327K,Q190K
1u5b	B	P21953	2-oxoisovalerate dehydrogenase beta subunit	V251A,G135R,I341N,R183P,A137V,G278S,E330K,R168H
1ugg	A	P00918	CARBONIC ANHYDRASE II	Q92P,H107Y,G144R,H94Y
1ugd	A	P00918	CARBONIC ANHYDRASE II	Q92P,H107Y,G144R,H94Y
1ugn	A	Q8NHL6	Leukocyte immunoglobulin-like receptor 1	R72W
1ugh	E	P13051	PROTEIN (URACIL-DNA GLYCOSYLASE)	F251S
1uj3	C	P13726	tissue factor	E228K
1us1	A	Q16853	MEMBRANE COPPER AMINE OXIDASE	H167Y,I371T
1w08	A	P61626	LYSOZYME	I74T
1w0y	H	P08709	BLOOD COAGULATION FACTOR VIIA	A332V,R342Q
1w0y	L	P08709	BLOOD COAGULATION FACTOR VIIA	Q138R
1w0y	T	P13726	TISSUE FACTOR	E228K
1wqo	A	P61626	LYSOZYME	I74T
1x0x	A	P21695	Glycerol-3-phosphate dehydrogenase [NAD+], cytoplasmic	R229P,I54V
1x1f	A	Q9ULZ2	Signal-transducing adaptor protein 1	I34M
1x9d	A	Q9UKM7	Endoplasmic reticulum mannosyl-oligosaccharide 1,2-alpha-mannosidase	R334C
1xxf	A	P03951	Coagulation factor XI	F460V,T404N,G478R,S594R,C416Y,A430V
1xbs	A	Q9NX01	Dim1-like protein	I119M
1y5f	B	P68871	Hemoglobin beta chain	N58S,L29R,T39P,N58H,N109I,L111P,Y131C,N109D,L107R,A136D,F104V,D100A,L107Q,Y146D,D100H,F123S,L107P,G137S,N103H,V135A,A54T,L107V,V112F,G137A,P37H,G108D,V24I,D100V,Q128R,Q132H,V61E,A28S,L106F,V24A,D100N,D100G,G57C,Q128P,F104I,E23D,A129P,D53Y,R31T,A136V,N109S,T39I,K60T,E27A,V134M,H117P,E27K,G30S,V134A,A28G,Y146N,L29M,L32R,V34M,L32V,N140T,A129V
1y6n	R	Q13651	Interleukin-10 receptor alpha chain	T84I,R117H,W45G,L125R
1y7v	A	P04062	Glucosylceramidase	R209C,D448H,C55S,K464E,Y451H,N421K,R87W,K452Q,D513Y,S146L,I441T,N156D,I200N,P454R,R535C,T530I,I441F,P198T,D448V,Y457C,F456V,G460D,R209P,S403T,A129T,D438Y,V54L,D438N,E80K,F76V,P440L,G517S,P198L,T82I,A495P,F450I,R535H,G85E,H490R,R87Q,M455V,K196Q,H201P,I200S,D63N
1y7g	B	P68871	Hemoglobin beta chain	N58S,L29R,T39P,N58H,N109I,L111P,Y131C,N109D,L107R,A136D,F104V,D100A,L107Q,Y146D,D100H,F123S,L107P,G137S,N103H,V135A,A54T,L107V,V112F,G137A,V34M,P37H,G108D,V24I,D100V,Q128R,Q132H,V61E,A28S,L106F,V24A,L29M,D100N,D100G,G57C,Q128P,F104I,E23D,A129P,D53Y,R31T,A136V,N109S,T39I,E27A,V134M,H117P,E27K,G30S,V134A,A28G,Y146N,L33P,L32R,L33Q,L32V,N140T,A129V
1ydk	B	P08263	Glutathione S-transferase A1	R13Q
1ye1	B	P68871	Hemoglobin beta chain	N58S,L29R,T39P,N58H,N109I,L111P,Y131C,N109D,L107R,A136D,F104V,D100A,L107Q,Y146D,D100H,F123S,L107P,V99E,G137S,N103H,V135A,A54T,L107V,V112F,G137A,V99M,G108D,V24I,D100V,Q128R,Q132H,V61E,A28S,L106F,V24A,D100N,D100G,G57C,Q128P,F104I,A136V,A129P,R31T,N109S,T39I,E27A,V134M,H117P,E27K,G30S,V134A,A28G,Y146N,L29M,L32R,V34M,L32V,N140T,A129V
1ygf	B	P68871	Hemoglobin beta chain	N58S,L111P,N109I,N58H,Y131C,N109D,L107R,A136D,F104V,D100A,L107Q,D100H,F123S,L107P,G137S,N103H,V135A,A54T,L107V,V112F,G137A,V34M,G108D,Q128R,V24I,D100V,Q132H,V61E,A28S,L106F,V24A,D100N,D100G,G57C,Q128P,F104I,E23D,A129P,D53Y,R31T,A136V,N109S,K60T,E27A,V134M,H117P,E27K,G30S,V134A,A28G,L33P,L32R,L33Q,L32V,N140T,A129V
1y6m	R	Q13651	Interleukin-10 receptor alpha chain	R117H,W45G,T84I,L125R,I224V
1yie	B	P68871	Hemoglobin beta chain	N58S,L111P,T39P,N58H,N109I,Y131C,N109D,L107R,A136D,F104V,D100A,L107Q,Y146D,D100H,F123S,L107P,G137S,N103H,V135A,A54T,L107V,V112F,G137A,P37H,G108D,V24I,D100V,Q128R,A28S,L106F,V24A,D100N,D100G,G57C,Q128P,F104I,A136V,A129P,D53Y,R31T,N109S,T39I,E27A,V134M,H117P,E27K,G30S,V134A,A28G,Y146N,Q132H,L32R,V34M,L32V,N140T,A129V
1z6j	L	P08709	Coagulation factor VII	Q138R
1z6j	H	P08709	Coagulation factor VII	A332V,R342Q
1z6j	T	P13726	Tissue factor	E228K
1z10	A	P11509	cytochrome P450, family 2, subfamily A, polypeptide 6	L160H,V365M
1zhm	A	P03951	coagulation factor XI	F460V,T404N,S594R,C416Y,A430V
1ziv	A	O14815	Calpain 9	A102V,H301Q,E316K,K259Q
1zjd	A	P03951	Catalytic Domain of Coagulation Factor XI	S594R,T404N,C416Y,A430V
1zs6	A	Q13232	Nucleoside diphosphate kinase 3	R43W
1zsq	A	Q13614	Myotubularin-related protein 2	E430Q,E502Q
1zw6	A	P01112	Transforming protein p21/H-Ras-1	G60V,Q61K,T58I,G60D,Q61L
1zvx	A	P22894	Neutrophil collagenase	R118Q
2a5u	A	P48736	Phosphatidylinositol-4,5-bisphosphate 3-kinase catalytic subunit, gamma isoform	T857A
2a4z	A	P48736	Phosphatidylinositol-4,5-bisphosphate 3-kinase catalytic subunit, gamma isoform	T857A
2ag5	A	Q9BUT1	dehydrogenase/reductase (SDR family) member 6	V138I
2avg	A	Q14896	Myosin-binding protein C, cardiac-type	Y237S,R177H
2b77	A	P02766	Transthyretin	F53L,F53I,V50A,E74K,L78R,E81K,A111S,A117S,T80A,E81G,K90N,A117G,E74G,T126N,W61L,F84L,I127M,L75P,V50L,L78H,A65T,I88L,C30R,Y89H,I93V,L131M,Y136S,I127V,S70I,F53V,H108R,S70R,T79K,V91A,L32P,L75Q,F64S,A65D,A65S,L75R,V50M
2b9a	B	P02766	Transthyretin	F53L,F53I,E109K,V50A,L78R,E81K,A111S,A117S,T80A,E81G,K90N,A117G,T126N,F84L,I127M,L75P,V50L,L78H,A65T,I88L,G77R,E109Q,C30R,Y89H,I93V,L131M,Y136S,I127V,F53V,H108R,V91A,L32P,V50M,L75Q,F64S,A65D,A65S,L75R,T79K
2bew	A	P12694	2-OXOISOVALERATE DEHYDROGENASE ALPHA SUBUNIT	Y413C,I326T,T211M,R159W,E327K
2bew	B	P21953	2-OXOISOVALERATE DEHYDROGENASE BETA SUBUNIT	V251A,G135R,I341N,R183P,A137V,G278S,E330K,R168H
2bff	A	P12694	2-OXOISOVALERATE DEHYDROGENASE ALPHA SUBUNIT	Y413C,I326T,T211M,R159W,A220V
2bff	B	P21953	2-OXOISOVALERATE DEHYDROGENASE BETA SUBUNIT	V251A,G135R,R183P,A137V,G278S,E330K,R168H
2bh9	A	P11413	GLUCOSE-6-PHOSPHATE 1-DEHYDROGENASE	N135T
2bin	A	P04637	CELLULAR TUMOR ANTIGEN P53	E285K,E286K,D281G,R158L,D281V,R158H,C238W,Y234H,C275Y,I195T,R273G,I251L,E258K,F270S,C141Y,R267W,R273C,R273P,R282W,R273S,R273H,M246V,C238Y
2bim	A	P04637	CELLULAR TUMOR ANTIGEN P53	E285K,R248P,R248W,E286K,R248Q,R158L,R158H,I195T,R273G,R110P,Y163C,I251L,E258K,F270S,L265P,R267W,R273C,R273P,R213Q,R282W,R273S,R273H,P152L,R110L
2bxb	A	P02768	SERUM ALBUMIN	R242H,R242P
2bxc	A	P02768	SERUM ALBUMIN	R242H,R242P
2cbc	A	P00918	CARBONIC ANHYDRASE II	Q92P,H107Y,G144R,H94Y
2cez	A	P13726	TISSUE FACTOR	G281E
2cef	A	P13726	TISSUE FACTOR	G281E
2d9w	A	O60496	Docking protein 2	A113V
2djf	B	P53634	Dipeptidyl-peptidase 1	G301S
2e7g	A	Q8N0V3	Putative ribosome-binding factor A	V122M
2eax	A	Q96LB8	Peptidoglycan recognition protein-I-beta	V213I
2f4b	A	P37231	Peroxisome proliferator-activated receptor gamma	F388L
2fdb	P	P21802	Fibroblast growth factor receptor 2	Q289P,W290G,C342G,G271V,C342F,F276V,Y281C,C278F,W290C,I288S,S252F,C342S,N331I,A172F,C342R,P253R,C342W,C342Y,S252W,S252L,C278Y,W290R,S347C,S354C,V359F,I288N,T341P,S354Y,S351C,A314S
2flm	A	P02766	Transthyretin	F53L,F53I,V50A,E74K,L78R,G73E,E81K,A111S,T80A,E81G,K90N,E74G,T126N,F84L,I127M,L75P,V50L,L78H,I88L,G77R,C30R,Y89H,I93V,L131M,Y136S,I127V,F53V,H108R,V91A,L32P,V50M,L75Q,F64S,L75R,T79K
2flb	L	P08709	Coagulation factor VII	Q138R
2flb	H	P08709	Coagulation factor VII	A332V,R342Q
2flr	L	P08709	Coagulation factor VII	Q138R
2flr	H	P08709	Coagulation factor VII	A332V,R342Q
2ffd	B	P02675	Fibrinogen beta chain	R478K,R196C,G430D,L202Q
2f5z	A	P09622	Dihydrolipoyl dehydrogenase	E375K,K72E,G229C
2g6z	A	Q16690	Dual specificity protein phosphatase 5	I293M
2h4n	A	P00918	CARBONIC ANHYDRASE II	Q92P,H107Y,G144R,H94Y
2h35	B	P68871	Hemoglobin beta subunit	N58S,L29R,T39P,N58H,N109I,L111P,N109D,K83Q,L107R,A136D,F104V,D100A,F43V,L107Q,Y146D,D100H,H144N,L107P,V99E,K83E,G137S,H144L,H147Y,N103H,V135A,F42C,A54T,L107V,V112F,G137A,F46Y,P37H,V99M,D100V,G108D,Q128R,H93R,Q132H,L106F,L29M,K83T,D100N,D100G,Q128P,F104I,A136V,F42S,V2G,R31T,N109S,T39I,L33Q,H93Y,V134M,E44G,V134A,Q40H,Y146N,L33P,L32R,V34M,L32V,N140T,Y131C
2h51	A	P29466	Caspase-1	K226R,S188L
2h57	B	Q9H0F7	ADP-ribosylation factor-like protein 6	G169A,T31R,T31M,L170W
2heb	A	P61626	LYSOZYME	I74T
2hed	A	P61626	LYSOZYME	I74T
2hef	A	P61626	LYSOZYME	I74T
2hg8	B	O15382	Branched-chain-amino-acid aminotransferase, mitochondrial	T186R
2i4i	A	O00571	ATP-dependent RNA helicase DDX3X	T532M,R475C,S382R
2i3c	A	P45381	Aspartoacylase	E24G,I16T,D114Y,E285A,P183H,D114E,P280S,V186F,G27R,A287T,D249V,A57T,H21P,R168C,P280L,P181T,R168H
2itp	A	P00533	EPIDERMAL GROWTH FACTOR RECEPTOR PRECURSOR	L858M,T790M,V834L,L833V,L747F,L861Q
2jiv	B	P00533	EPIDERMAL GROWTH FACTOR RECEPTOR	T790M
2jjv	B	Q5TFQ8	SIGNAL-REGULATORY PROTEIN BETA 1.	N99K
2jvx	A	Q9Y6K9	NF-kappa-B essential modulator	M407V,C417R,C417Y,C417F
2kbr	A	Q9Y6N9	Harmonin	H34R
2kun	A	P04156	Major prion protein	E200K,P105L,N171S,D202N,H187R,R208H,V180I,P102L,E211Q,V210I,Q217R,M232R,V203I,Q212P,G131V,F198S,D178N
2lfg	A	P16471	Prolactin receptor	I170L
2lfm	A	P05067	Beta-amyloid protein 40	A692G,E693G,E693K,E693Q,E682K,D694N
2lmq	A	P05067	Beta-amyloid protein 40	A692G,E693G,E693K,E693Q,E682K,D694N,L705V
2mov	A	Q15109	Advanced glycosylation end product-specific receptor	R77C,G68S
2mzi	A	P09237	Matrilysin	N51H
2nbr	A	P07315	Gamma-crystallin C	T5P,R169W
2nbo	A	P02766	Transthyretin	R54G,F53L,R54T,T69I,F53I,E109K,V50A,I104T,G73E,D38G,A111S,A117S,Y98F,V48M,K90N,A117G,T126N,W61L,I127M,L75P,V50L,I104S,N144S,D38E,I88L,E109Q,P44S,Y89H,I93V,T69A,I104N,L131M,I127V,F53V,K55N,S97Y,H108R,V91A,L32P,L75Q,F64S,L75R,V50M
2nwp	A	P00918	carbonic anhydrase 2	Q92P,H107Y,G144R,H94Y
2nwy	A	P00918	carbonic anhydrase 2	Q92P,H107Y,G144R,H94Y
2o2k	B	Q99707	Methionine synthase	P1173L
2ocw	A	P01833	Polymeric-immunoglobulin receptor	T555I
2oev	A	Q8WUM4	Programmed cell death 6-interacting protein	V383I
2oex	A	Q8WUM4	Programmed cell death 6-interacting protein	V383I
2on6	A	P00491	Purine nucleoside phosphorylase	V227I,Y192C,A117T,G190V,D128G
2oyh	B	P02675	Fibrinogen beta chain	R478K,R196C,G430D,L202Q
2pir	A	P10275	Androgen receptor	M750V,R832Q,V867M,R775H,L813P,A766D,A766T,A871V,M743K,F726L,N772H,M781I
2pkg	A	P30153	Serine/threonine-protein phosphatase 2A 65 kDa regulatory subunit A alpha isoform	P179L
2pv0	A	Q9UJW3	DNA (cytosine-5)-methyltransferase 3-like	R278G
2q21	A	P01112	C-H-RAS P21 PROTEIN CATALYTIC DOMAIN	T58I,G13D,G13C,G13V
2q7o	E	P00491	Purine nucleoside phosphorylase	V227I,Y192C,A117T,G190V,D128G
2q7z	A	P17927	Complement receptor type 1	R1626H,N1540S,H1208R,K1590E,T1408M,I1615V,H1768Y
2r6n	A	P43235	Cathepsin K	C318Y,A277V,G146R
2r6k	A	P08263	Glutathione S-transferase A1	R13Q
2r7e	A	P00451	Coagulation factor VIII	V297A,R550H,C329F,N299I,S603I,R717W,F484C,F677L,D561H,N609I,L326P,A303E,F295L,G466E,L659P,E291G,T294I,F312S,V285G,G498R,W274C,R550C,H275L,V556D,T686R,S554C,S554G,W412R,M699T,W532G,D561Y,N631K,N601K,D222V,E284K,S553P,R546W,I494T,Y492C,L594Q,R550G,N637D,E409G,M699V,Q664P,A303P,D544N,Y605H,T541S,I438F,T314I,N713I,S596P,R560T,V682F,M681I,N631S,Y442C,Y492H,R602G,D561G,E291K,A663V,R301L,Y683N,Y683C,A488G,N601D,R301H,E340K,W412G,K444R,I405F,Y639C,T314A,I331V,G278R,L327V,V220G,R301C,Y605S,W604C,M701I,M633I,S603R,P540T,I405S,T252I,L327P,I567T,F698L,R717L,A315V,L217H,M339T,S308L,R717Q
2r7e	B	P00451	Coagulation factor VIII	R2016W,G2045V,L2185W,R2169C,F2145C,M1966V,C2345S,I2051S,R2016P,G2198V,A2220P,D2307A,L1951F,I1901F,P1873R,G1979V,T2264A,L1994P,S1968R,P2162L,F1982I,N1941D,Y1998C,H1973L,R2169H,S1965I,R2182P,G1967D,G2304V,R2228G,L1875P,C2040Y,V2035A,R2228Q,L1963P,G2022D,R1960Q,R2182C,Q2265R,C2193G,G1942A,L2185S,E1848G,N1941S,M2183V,L1771P,I2056N,E2200D,M2183R,S2030N,L1775F,W2015C,P2196R,R2228L,E2018G,E1894G,R1960L,L2229F,M2007I,A1853V,M1966I,R2228P,R2339T,A1853T,V2035M,G2344S,H1980P,H1980Y,N1971T,N2038S,R1985Q,R2182H,D2093G,D2093Y,G2045E,G2344C,Y2036C,A2070V,T2004R,C2345Y,L1775V
2rfn	B	P08581	Hepatocyte growth factor receptor	T1191I
2rg3	A	P08246	Leukocyte elastase	P205R,L121H,A57T,L121P,A57V,H53L,I60T,V65D,C71F,F43L,L206F,C55Y,G214R,S46F,A166T,L152P,A233P,C71R,C71S,G203D
2rgc	A	P01112	GTPase HRas	G60V,T58I,G60D
2rgm	A	Q75I93	Beta-glucosidase	N273V,I207V
2uzi	R	P01112	GTPASE HRAS	G12C,G60V,G12V,G12S,T58I,G60D,G12A,G12D
2vig	A	P16219	SHORT-CHAIN SPECIFIC ACYL-COA DEHYDROGENASE,	M366V,R380W,G205S,R325W,S353L,R383C
2w86	A	P35555	FIBRILLIN-1	C830S,C816R,C876Y,G880S,A882V,C821Y,C876R,G880R,C926Y,W883R,C890Y,C875S,C950S
2weo	A	P00918	CARBONIC ANHYDRASE 2	Q92P,H107Y,G144R,H94Y
2wej	A	P00918	CARBONIC ANHYDRASE 2	Q92P,H107Y,G144R,H94Y
2wgj	A	P08581	HEPATOCYTE GROWTH FACTOR RECEPTOR	T1191I
2wot	A	P36897	TGF-BETA RECEPTOR TYPE-1	D400G
2wyt	A	P00441	SUPEROXIDE DISMUTASE [CU-ZN]	A146T,L9Q,D125V,E22G,V149G,I113M,H81A,F46C,D102G,R116G,L9V,E101G,L107V,V8E,I152T,G115A,H44R,D102N,N87S,E22K,C147R,I150T,L85V,V149I,I105F,I114T,E101K,I113T,G86R,L85F,H47R,C7F,H49Q
2wz0	A	P00441	SUPEROXIDE DISMUTASE [CU-ZN]	A146T,L9Q,D125V,E22G,V149G,I113M,H81A,F46C,D102G,R116G,L9V,E101G,V8E,G115A,H44R,D102N,N87S,E22K,C147R,I150T,L85V,V149I,I105F,I114T,E101K,I113T,G86R,L85F,H47R,C7F,H49Q
2wz5	A	P00441	SUPEROXIDE DISMUTASE [CU-ZN]	G73S,A146T,L9Q,D125V,E22G,V149G,I113M,H81A,F46C,D102G,R116G,L9V,E101G,V8E,G115A,H44R,D102N,N87S,E22K,C147R,I150T,L85V,V149I,I105F,I114T,E101K,I113T,G86R,L85F,H47R,C7F,H49Q
2wse	A	P05310	PHOTOSYSTEM I P700 CHLOROPHYLL A APOPROTEIN A1	V173I,I44L
2x0u	A	P04637	CELLULAR TUMOR ANTIGEN P53	E285K,R248P,R248W,E286K,R248Q,R158L,R158H,R273G,R110P,Y163C,I251L,E258K,F270S,L265P,R267W,R273C,R273P,R213Q,R282W,R273S,R273H,P152L,R110L
2wsc	A	P05310	PHOTOSYSTEM I P700 CHLOROPHYLL A APOPROTEIN A1	V173I,I44L
2xn5	A	P05543	THYROXINE-BINDING GLOBULIN	H351Y,I116N,A133P
2xtp	A	Q9UG22	GTPASE IMAP FAMILY MEMBER 2	V74F
2xvw	A	P02768	SERUM ALBUMIN	R242H,R242P
2xwa	A	P00746	COMPLEMENT FACTOR D	C214R,Y39C
2y1m	B	P22681	E3 UBIQUITIN-PROTEIN LIGASE	C396R,Y371H,M400R,Q367P
2yhw	A	Q9Y223	BIFUNCTIONAL UDP-N-ACETYLGLUCOSAMINE 2-EPIMERASE/N-ACETYLMANNOSAMINE KINASE	A524V,M712T,Y675H
2ybg	C	P04637	CELLULAR TUMOR ANTIGEN P53	R213Q,V173A,G244S,Y163C,R248P,I251L,Y234H,E258K,F270S,R248W,I195T,V173M,V173L,G244D,M246V,R248Q
2ysl	A	Q9BZY9	Tripartite motif-containing protein 31	V60I,F6L,P17R
2ysj	A	Q9BZY9	Tripartite motif-containing protein 31	F6L,P17R
2ytj	A	Q5JVG2	Zinc finger protein 484	Y806C
2zcl	P	P07288	Prostate-specific antigen	E217K
2zk0	A	P37231	Peroxisome proliferator-activated receptor gamma	R425C
2zxf	A	P41250	Glycyl-tRNA synthetase	G580R,I334F,I334S,I334N
2zzu	L	P08709	Factor VII light chain	Q138R
2zzu	H	P08709	Factor VII heavy chain	A332V,R342Q
2zzu	T	P13726	Tissue factor	E228K
2zjw	A	P68400	Casein kinase II subunit alpha	D156E
3b3k	A	P37231	Peroxisome proliferator-activated receptor gamma	R425C
3b5r	A	P10275	Androgen receptor	M750V,R832Q,V867M,R775H,L813P,A766D,A766T,A871V,M743K,F726L,N772H,M781I
3brt	D	Q9Y6K9	NF-kappa-B essential modulator	E57K,L80P
3bsz	A	P02766	Transthyretin	A39D,E109K,Y134C,I104T,D38G,Y98F,I104S,D38E,Y134H,E109Q,I93V,L131M,I104N,Y136S,H108R,S97Y,V40I,A140S,S43N
3bu3	A	P06213	insulin receptor subunit beta	I1143T,A1161T,A1162E,W1227S,A1075D,R1201Q,R1158W,M1180I,A1055V,R1201W
3cii	A	P13747	HLA class I histocompatibility antigen, alpha chain E	E110K
3cqp	A	P00441	Superoxide dismutase [Cu-Zn]	G17S,G42D,L127S,L9Q,V149G,I113M,F46C,D102G,R116G,L9V,S106L,E101G,V8E,I152T,L39R,G115A,H44R,D102N,N87S,C147R,I150T,A90V,L85V,V149I,I105F,I114T,E101K,I113T,G42S,G86R,L85F,L39V,H47R,C7F,H49Q
3cyf	A	Q99497	Protein DJ-1	M26I,A104T,D149A
3d05	A	P04637	Cellular tumor antigen p53	E286K,R175G,D281G,R158L,D281V,R158H,C238W,Y234H,C275Y,I195T,R273G,R175H,E258K,F270S,C141Y,L265P,R267W,R273C,R273P,R282W,R273S,R273H,C238Y
3d92	A	P00918	carbonic anhydrase II	Q92P,H107Y,G144R,H94Y
3djt	A	P02766	Transthyretin	F53L,T69I,F53I,V50A,L78R,E81K,A111S,A117S,T80A,E81G,K90N,A117G,T126N,F84L,I127M,L75P,V50L,L78H,A65T,G77R,C30R,Y89H,I93V,T69A,L131M,Y136S,I127V,F53V,H108R,T79K,V91A,L32P,L75Q,F64S,A65D,A65S,L75R,V50M
3djz	A	P02766	Transthyretin	F53L,F53I,V50A,L78R,E81K,A111S,A117S,E81G,V48M,K90N,A117G,T126N,F84L,I127M,L75P,V50L,L78H,A65T,G77R,C30R,Y89H,I93V,L131M,Y136S,I127V,F53V,H108R,T79K,V91A,L32P,L75Q,F64S,A65D,A65S,L75R,V50M
3djy	A	P06276	Cholinesterase	V170M,W499R,N124Y,G143D,A356D,F446S,G418V,Y61C,P65S,D198E,A229T,L153F,Y156C,R543C,Q546L,F502L,A227V
3dk0	A	P02766	Transthyretin	F53L,G67E,F53I,V50A,L78R,G73E,E81K,A111S,A117S,T80A,E81G,K90N,A117G,T126N,W61L,F84L,I127M,L75P,V50L,L78H,A65T,G77R,C30R,G67R,Y89H,I93V,L131M,G67A,Y136S,I127V,F53V,H108R,T79K,V91A,L32P,V50M,L75Q,F64S,A65D,A65S,L75R,G67V
3dru	A	P01009	Alpha-1-antitrypsin	E366K,L65P
3dtp	A	P12883	Myosin-11,Myosin-7	K865E,M852T,R870H,K865R,Q882E
3dtp	B	P12883	Myosin-11,Myosin-7	R870H,K865R,E848G,K865E
3e6i	A	P05181	Cytochrome P450 2E1	V179I
3e04	D	P07954	Fumarate hydratase	A308T,M195V,G282V,N107T,M328R,S419P,F312C,G397R,M195T
3ex3	A	P11172	Orotidine-5'-phosphate decarboxylase	I446V
3f4x	A	P00918	Carbonic anhydrase 2	Q92P,H107Y,G144R,H94Y
3ei4	B	Q92466	DNA damage-binding protein 2	K244E,R273H
3f5j	A	Q75I93	Beta-glucosidase	N273V,I207V
3fcf	A	P13051	Uracil-DNA glycosylase	F251S
3fr0	A	P35557	Glucokinase	T209M,C213R,S336L,T228M,I110T,V226M,G80S,G80A,M210K,I225M,F150S,K414E,G299R,V203A,W257R,G385V,T206P,A259T,Y108H,C382Y,E221K,R36W,V62M,E256K,R392C,M210T,T168P
3fur	A	P37231	Peroxisome proliferator-activated receptor gamma	R425C,F388L
3g2v	A	Q9UJY5	ADP-ribosylation factor-binding protein GGA1	V72I
3gs0	A	P02766	Transthyretin	F53L,F53I,E109K,V50A,L78R,E81K,A111S,T80A,E81G,K90N,T126N,F84L,I127M,L75P,V50L,L78H,A65T,G77R,E109Q,C30R,Y89H,I93V,L131M,Y136S,I127V,F53V,H108R,V91A,L32P,V50M,L75Q,F64S,A65D,A65S,L75R,T79K
3grs	A	P00390	GLUTATHIONE REDUCTASE	I357V
3gt9	A	Q96CA5	Baculoviral IAP repeat-containing 7	H164R
3gvr	A	P06132	Uroporphyrinogen decarboxylase	A80S,G281V,L216Q,G156D,G303S,A80G,G318R,N304K,I334T,I260T,G281E,F232L,L161Q,L195F,P235S,R193P,E218K,S219F
3ho0	A	P37231	Peroxisome proliferator-activated receptor gamma	R425C
3hx3	A	P12271	Retinaldehyde-binding protein 1	R234W,R151Q
3huj	C	P15813	T-cell surface glycoprotein CD1d	T64S,R66C
3hwg	A	P80188	Neutrophil gelatinase-associated lipocalin	P121S
3hxq	A	P04275	von Willebrand Factor	I1425F,V1316M,P1337L,L1383P,E1359K,K1362T,F1369I,R1379C,R1315C,L1282R,R1374H,S1285F,V1279I
3hus	B	P02675	Fibrinogen beta chain	R478K,R196C,G430D,L202Q
3i5n	A	P08581	Hepatocyte growth factor receptor	T1191I
3ibl	A	P00918	Carbonic anhydrase 2	Q92P,H107Y,G144R,H94Y
3ibn	A	P00918	Carbonic anhydrase 2	Q92P,H107Y,G144R,H94Y
3if8	B	Q9H900	Protein zwilch homolog	I421M
3imv	A	P02766	Transthyretin	F53L,V142A,G67E,T69I,F53I,V50A,E74K,L78R,E81K,V142I,A111S,A117S,T80A,E81G,V48M,K90N,A117G,E74G,T126N,I127M,L75P,V50L,L78H,G67R,Y89H,I93V,T69A,L131M,G67A,Y136S,I127V,F53V,H108R,T79K,V91A,L32P,V50M,L75Q,L75R,G67V
3imx	A	P35557	Glucokinase	A53S,T209M,V182M,C213R,T228M,A384T,V226M,G80S,G80A,M210K,I225M,F150S,G299R,V203A,E300Q,V367M,W257R,L309P,G385V,T206P,A259T,V455M,C382Y,E221K,E300K,V62M,E256K,M210T,L164P,T168P
3inl	A	P05091	Aldehyde dehydrogenase, mitochondrial	V257M
3inj	H	P05091	Aldehyde dehydrogenase, mitochondrial	V257M
3kbz	A	P09467	Fructose-1,6-bisphosphatase 1	G164S,E281K
3keh	A	P04062	Glucocerebrosidase	R209C,D419N,D448H,C55S,K464E,Y451H,K452Q,R87W,D513Y,D419H,S146L,D419A,I441T,N156D,I200N,R392W,P454R,R535C,T530I,I441F,D448V,R392G,Y457C,F456V,G460D,R209P,A129T,D438Y,V54L,D438N,E80K,F76V,P440L,G517S,T82I,A495P,F450I,R535H,G85E,H490R,R87Q,M455V,H201P,L500P,I200S,D63N
3ktl	A	P08263	Glutathione S-transferase A1	R13Q
3lbh	A	P01112	GTPase HRas	G60V,Q61K,T58I,G60D,Q61L
3l6y	E	O60716	Catenin delta-1	K780T
3m3x	A	P00918	Carbonic anhydrase 2	Q92P,H107Y,G144R,H94Y
3m0c	B	Q8NBP7	Proprotein convertase subtilisin/kexin type 9	H553R
3m0c	C	P01130	Low-density lipoprotein receptor	E408K,C368R,C392R,I423T,D433H,N405K,C379R,I441T,P649L,V523M,D356Y,D342N,A431T,L432V,D482N,L568V,N370T,C379Y,R633C,E408V,A399D,V429M,Y375C,W443C,A627T,G373D,L414R,I441M,F403L,Q366R,A480V,R416Q,D482H,L401H,L401V,R416W
3ml2	A	P00918	Carbonic anhydrase 2	Q92P,H107Y,G144R,H94Y
3ml8	A	P48736	Phosphatidylinositol-4,5-bisphosphate 3-kinase catalytic subunit gamma isoform	T857A
3n1f	A	Q14623	Indian hedgehog protein	E95K,E131K,D100N,D100E
3n1f	D	Q4KMG0	Cell adhesion molecule-related/down-regulated by oncogenes	S875G
3ne4	A	P01009	Alpha-1-antitrypsin	E366K,E400D,L65P,R63C
3nga	A	P68400	Casein kinase II subunit alpha	D156E
3nhu	A	P16083	Ribosyldihydronicotinamide dehydrogenase [quinone]	V184A
3nif	A	P08514	Integrin alphaIIB beta3	G412R
3nif	D	P05106	Integrin beta-3	P189S
3o0t	A	Q96HS1	Serine/threonine-protein phosphatase PGAM5, mitochondrial	P242L,L252V
3o0u	A	P43235	Cathepsin K	C318Y,L309P,A277V,G146R
3omv	A	P04049	RAF proto-oncogene serine/threonine-protein kinase	D486N,D486G,S447G
3ohx	A	P01024	Complement C3	R592Q
3p2b	A	P48736	Phosphatidylinositol-4,5-bisphosphate 3-kinase catalytic subunit gamma isoform	T857A
3p3j	A	P00918	Carbonic anhydrase 2	Q92P,H107Y,G144R,H94Y
3piy	A	Q06187	Tyrosine-protein kinase BTK	L486P,M509V,D579N,L452P,C527F,G594R,L522P,G541D,E589G,L542P,A523E,E589K,C506F,C506R,R525G,S592P,Y551H,W563L,R544K,I590F,R520Q,Y591S,R544T,F644L,R525Q,C527S,S592Y,W581R,R525P,L518R,A524P,V537E,F540S,E445D,D504V,R520G,D521G,V535F,G594E,F583S,R544G,A582D,C502F,D579V,C502W,V585F,F644Y,R544S,F644S,D521N,W581S,C506Y,A622P,M509I,H454R,L512P,Y476D,D521H,F559S,A523V,M501T,S538P,M509T,A582V,S578Y,S623L,M477R,L512Q,A508D
3pjc	A	P52333	Tyrosine-protein kinase JAK3	L956R
3pjj	A	P00918	Carbonic anhydrase 2	Q92P,H107Y,G144R,H94Y
3pm0	A	Q16678	Cytochrome P450 1B1	R469W
3psd	B	P15056	B-RAF PROTO-ONCOGENE SERINE/THREONINE-PROTEIN KINASE	N621K,H574Q,G504E,F595L,D638E,L637V,D594V,N621D,G636V,G509E,D678E,K641Q,W531C,F508S,F635L
3prz	A	P48736	Phosphatidylinositol-4,5-bisphosphate 3-kinase catalytic subunit gamma isoform	T857A
3q9w	A	P68400	Casein kinase II subunit alpha	D156E
3qyk	A	P00918	Carbonic anhydrase 2	Q92P,H107Y,G144R,H94Y
3re0	A	P00441	Superoxide dismutase [Cu-Zn]	E22G,I113M,G109V,N66S,F46C,D102G,R116G,S106L,L107V,L68R,G115A,D102N,E22K,I150T,I105F,I113T,H49Q,H47R,E50K,I114T
3rj3	D	P08603	Complement Factor H-related protein 1	E1198A,P1226S,F1199S,T1184R,K1186T,W1183L,L1189R,S1191L,G1194D,R1215Q,R1210C,V1197A,L1189F,S1191W,R1215G,W1183R
3rps	A	P68400	Casein kinase II subunit alpha	Y50C,D156E
3rs0	A	P01112	GTPase HRas	G60V,Q61K,T58I,G60D,Q61L
3ryv	B	P00918	Carbonic anhydrase 2	Q92P,H107Y,G144R,H94Y
3ryx	B	P00918	Carbonic anhydrase 2	Q92P,H107Y,G144R,H94Y
3s7s	A	P11511	Cytochrome P450 19A1	R435C,C437Y,R365Q,R375C
3si0	A	Q16769	Glutaminyl-peptide cyclotransferase	V353A
3s9l	B	P02786	Transferrin receptor protein 1	G420S
3s9l	C	P02787	Serotransferrin	D77N
3sor	A	P03951	Coagulation factor XI	T404N,G478R,S594R,C416Y,A430V
3t3x	A	Q16595	Frataxin, mitochondrial	I154F,L182F,W155R,L106S,D122Y
3som	N	Q9Y4U1	Methylmalonic aciduria and homocystinuria type C protein	R206P,L193P,R161G,L116P,Y130H,G147A,G147D,R206W,R161Q
3t3r	A	P11509	Cytochrome P450 2A6	F118L,E97K
3tct	A	P02766	Transthyretin	F53L,G67E,T69I,F53I,E109K,V50A,E74K,L78R,E81K,A111S,A117S,T80A,E81G,K90N,A117G,E74G,T126N,F84L,I127M,L75P,V50L,L78H,A65T,G77R,E109Q,G67R,Y89H,I93V,T69A,L131M,G67A,Y136S,I127V,S70I,F53V,H108R,S70R,T79K,V91A,A140S,L32P,V50M,L75Q,F64S,A65D,A65S,L75R,G67V
3t6a	A	O75815	Breast cancer anti-estrogen resistance protein 3	Y645C
3tda	A	P10635	Cytochrome P450 2D6	P34S
3u2v	A	P46976	Glycogenin-1	S46C
3u2w	A	P46976	Glycogenin-1	S46C
3u85	A	O00255	Menin	E260K,L228P,R280K
3u84	A	O00255	Menin	D418N,T557S,W441R,D423H,L228P
3u8z	C	P35240	Merlin	F62S,N220Y
3uec	A	O15392	Baculoviral IAP repeat-containing protein 5	S96L
3ued	C	O15392	Baculoviral IAP repeat-containing protein 5	R108W
3us1	A	Q9H3D4	Tumor protein 63	R319S,D355N,K233E,R352G,R318Q,C347S,Q204L,R343W,D351G,R318H,C345R,C347F,R337Q,P348S,D351H,K232E,S311N,R343Q,R318C,R319H,C308Y,R319C
3v30	A	O14593	DNA-binding protein RFXANK	D121V
3v3j	A	P00918	Carbonic anhydrase 2	Q92P,H107Y,G144R,H94Y
3v3i	B	P00918	Carbonic anhydrase 2	Q92P,H107Y,G144R,H94Y
3vey	A	P35557	Glucokinase	T209M,C213R,S336L,T228M,I110T,V226M,G80S,G80A,M210K,I225M,F150S,K414E,G299R,V203A,E300Q,V367M,W257R,G385V,T206P,A259T,Y108H,C382Y,E221K,E300K,R36W,V62M,E256K,R392C,M210T,L164P,T168P
3vfd	A	Q9UBP0	Spastin	T389A,F381C,S436F,P489L,A485V,I406V,I344K,K388R,K388N,N386K,N386S,P384L,L426V,D441G,W607C,L378Q,S399L,Q347K,M390V,G546E,S407R,P435L
3v9g	A	P30038	Delta-1-pyrroline-5-carboxylate dehydrogenase, mitochondrial	F388L,T195M
3v9i	A	P30038	Delta-1-pyrroline-5-carboxylate dehydrogenase, mitochondrial	P493L,S352L,F388L,T195M
3w12	E	P06213	Insulin receptor domains L1-CR	V55A,G58R,R279H,R113P,L89P,D86G,A119V,L260P,R279C,L120Q,I146M,C280Y
3w03	A	Q9H9Q4	Non-homologous end-joining factor 1	A14T
3w03	C	Q13426	DNA repair protein XRCC4	N137K
3war	A	P68400	Casein kinase II subunit alpha	D156E
3wfg	A	P08235	Mineralocorticoid receptor	L769P,S805P,N770K,Q776R,S815R
3wf1	A	P16278	Beta-galactosidase	A59T,R590C,R157W,G311R,R59H,R208C,R201H,L155R
3wf2	A	P16278	Beta-galactosidase	A59T,R590C,R157W,G311R,R59H,R208C,R201H,L155R
3zc6	A	P52333	TYROSINE-PROTEIN KINASE JAK3	L910S
4a04	B	O43435	T-BOX TRANSCRIPTION FACTOR TBX1	H194Q
4a0d	A	Q86W56	POLY(ADP-RIBOSE) GLYCOHYDROLASE	H887P
4a7s	A	P00441	SUPEROXIDE DISMUTASE [CU-ZN]	A146T,L9Q,D125V,E22G,V149G,I113M,H81A,F46C,D102G,R116G,L9V,E101G,V8E,G115A,H44R,D102N,N87S,E22K,C147R,I150T,L85V,V149I,I105F,I114T,E101K,I113T,G86R,L85F,H47R,C7F,H49Q
4af7	A	P10933	FERREDOXIN--NADP REDUCTASE, LEAF ISOZYME, CHLOROPLASTIC	Y360G,Y360W,Y360S,Y360F
4bdv	A	P00451	FACTOR VIIIA HEAVY CHAIN, 92 KDA ISOFORM, B DOMAIN	V297A,R550H,C329F,S603I,G710W,F484C,F677L,D561H,N609I,L326P,A303E,F295L,G466E,L659P,F312S,V285G,W274C,R550C,H275L,T686R,R490G,S554C,S554G,P470L,P470R,W412R,M699T,D561Y,N631K,N601K,E284K,S553P,I494T,Y492C,L594Q,R550G,N637D,E409G,M721I,M699V,Q664P,P470T,A303P,D544N,Y605H,I438F,T314I,N713I,S596P,R560T,V682F,N631S,Y442C,Y492H,R602G,D561G,A663V,M721L,R301L,N601D,R301H,E340K,W412G,K444R,I405F,Y639C,T314A,I331V,G278R,V220G,R301C,Y605S,W604C,M633I,S603R,I405S,I567T,A315V,M339T,S308L
4bdv	B	P00451	FACTOR VIIIA LIGHT CHAIN	S1968R,R2016W,G2045V,P2162L,L2185W,Q2265R,F1982I,L2229F,N1941D,E2018G,Y1998C,C2193G,M2007I,H1973L,R2182C,M1966V,L2185S,E1848G,C2345S,A1853V,M1966I,I2051S,S1965I,R2016P,R2182P,G1967D,R2228P,A1853T,G2304V,R2339T,V2035M,N1941S,M2183V,G2344S,E1894G,L1771P,I2056N,E2200D,A2220P,H1980P,D2307A,L1994P,R2228G,L1951F,G2022D,M2183R,H1980Y,L1775F,I1901F,L1875P,N1971T,S2030N,N2038S,R1985Q,R2182H,C2040Y,V2035A,P1873R,W2015C,G2045E,R2228Q,Y2036C,G2344C,G1979V,T2004R,A2070V,P2196R,R2228L,T2264A,C2345Y,L1963P,L1775V,R1960Q,R1960L
4bke	A	P02768	SERUM ALBUMIN	R242H,R242P
4bla	D	Q9UMX1	MALTOSE-BINDING PERIPLASMIC PROTEIN, SUPPRESSOR OF FUSED HOMOLOG	P15L
4bzs	A	P12821	ANGIOTENSIN-CONVERTING ENZYME	P528T,Y244C,T572M
4bzy	B	Q04446	1,4-ALPHA-GLUCAN-BRANCHING ENZYME	L224P,H628R,R524Q,F257L
4cmz	B	Q9BXM0	PERIAXIN	R45G
4d6z	A	P08684	CYTOCHROME P450 3A4	L293P
4dei	A	P08581	Hepatocyte growth factor receptor	T1191I
4der	A	P02766	Transthyretin	F53L,F53I,V50A,E74K,L78R,G73E,E81K,A111S,A117S,T80A,E81G,Y98F,V48M,K90N,A117G,E74G,T126N,W61L,F84L,I127M,L75P,V50L,L78H,A65T,I88L,G77R,C30R,Y89H,I93V,L131M,Y136S,I127V,F53V,H108R,T79K,V91A,L32P,L75Q,F64S,A65D,A65S,L75R,V50M
4dep	E	P14778	Interleukin-1 receptor type 1	Q253K,Q125K
4dlu	A	P01112	GTPase HRas	G60V,Q61K,T58I,G60D,Q61L
4dlt	A	P01112	GTPase HRas	G60V,Q61K,T58I,G60D,Q61L
4dg6	A	O75581	Low-density lipoprotein receptor-related protein 6	R611C
4dly	A	P01112	GTPase HRas	G60V,T58I,G60D
4eb8	A	P00491	Purine nucleoside phosphorylase	V227I,Y192C,E89K,A117T,G71E
4euw	A	P48436	Transcription factor SOX-9	W143R,F112S,F112L,F154L,A119V
4f5d	A	Q86WV6	Transmembrane protein 173	V155M,G166E
4fii	A	O96013	Serine/threonine-protein kinase PAK 4	R555G
4fjz	A	P48736	Phosphatidylinositol 4,5-bisphosphate 3-kinase catalytic subunit gamma isoform	T857A
4flh	A	P48736	Phosphatidylinositol 4,5-bisphosphate 3-kinase catalytic subunit gamma isoform	T857A
4fzv	A	Q96CB9	Putative methyltransferase NSUN4	I316V
4fzs	A	Q13596	Sorting nexin-1	D466N
4g11	A	P48736	Phosphatidylinositol 4,5-bisphosphate 3-kinase catalytic subunit gamma isoform	T857A
4gl7	A	P11511	Cytochrome P450 19A1	R435C,C437Y,R365Q,R375C
4gr7	A	P07320	Gamma-crystallin D	R59H
4gsm	A	P05089	Arginase-1	D128G,I11T
4h1o	A	Q06124	Tyrosine-protein phosphatase non-receptor type 11	F71L,T507K,N58H,F285Y,R498W,G60R,N58Y,P491S,T73P,E110K,E258D,T468P,P491L,Q256R,G503E,S502A,G60S,Q510R,T73I,E76K,A461S,Q510H,Q510E,N58D,P491H,N58K,E110A,N308D,I56V,Y63C,E76G,Q506P,F285C,N308S,E76A,A72S,E76Q,D106A,F285S,I221V,Q510P,F285L,G60A,L261F,N308T,R501K,R498L,S502T,G60C,T468M,G60V,P491A,G503R,A72P,A72G,F71V,A461T,M504V,S502L,P491T,A72T,E76D
4h1u	A	O00429	Dynamin-1-like protein	G29E
4h1v	A	O00429	Dynamin-1-like protein	G29E
4hgk	A	P02768	Serum albumin	R242H,R242P
4hje	A	P04637	Cellular tumor antigen p53	V173A,G244S,R248P,R248W,R175G,C242Y,H179Q,R248Q,C238W,M246V,R175H,Y163C,R181H,H179Y,V173L,G244D,G245D,G245C,R213Q,V173M,G245S,G245V,C238Y
4i4g	A	P08684	Cytochrome P450 3A4	L293P
4i0c	A	P61626	Lysozyme C	I74T,D85H
4idp	D	Q8WXF7	Atlastin-1	T156I,V253I,H258R,S259Y,R239C,R416C,S259F,A350T,R415W,F402L,R217Q,A161P
4iem	A	P27695	DNA-(apurinic or apyrimidinic site) lyase	G241R
4im6	A	Q9C000	NACHT, LRR and PYD domains-containing protein 1	T878M
4ish	H	P08709	Factor VII heavy chain	R342Q
4j23	A	P21802	Fibroblast growth factor receptor 2	S347C,Y281C,Y328C,A172F,P253R,S252W,S252F,S252L
4jeg	A	Q06124	Tyrosine-protein phosphatase non-receptor type 11	E139D
4jg8	A	P51812	Ribosomal protein S6 kinase alpha-3	V536F
4jgd	A	Q02127	Dihydroorotate dehydrogenase (quinone), mitochondrial	R135C
4j95	B	P21802	Fibroblast growth factor receptor 2	K641R,E565G,N549H,A628T,G663E,A648T
4jod	A	Q9NPH0	Lysophosphatidic acid phosphatase type 6	M402V
4kcg	A	P27707	Deoxycytidine kinase	I24V
4kdi	B	P55072	Transitional endoplasmic reticulum ATPase	R159C,R159H
4kn6	A	P00492	Hypoxanthine-guanine phosphoribosyltransferase	H204D,F74L,I42T,H204R,D194N,C206Y,D135G,A161S,L78V,R45K,L49F,V53M,S162R,G71R,I183T,I132M,T168I,I42F,V53A,V130D,L131S,A50P,D194E,I132T,A50V,M143K
4knj	A	P00918	Carbonic anhydrase 2	Q92P,H107Y,G144R,H94Y
4kuy	A	P00918	Carbonic anhydrase 2	Q92P,H107Y,G144R,H94Y
4kxb	A	Q07075	Glutamyl aminopeptidase	Y544F
4l2o	B	P30838	Aldehyde dehydrogenase	E43Q
4la0	A	P02768	SERUM ALBUMIN	R242H,R242P,L90P
4lpk	B	P01116	GTPase KRas	G60V,I36M,G60R,Q61H,K5N,T58I,G60S,V14I
4lp5	A	Q15109	Advanced glycosylation end product-specific receptor	R77C,R300H,G68S
4m4a	B	P68871	Hemoglobin subunit beta	L29R,T39P,N109I,L111P,Y131C,N109D,L107R,D95Y,D100A,F43V,F104V,L107Q,Y146D,D100H,F123S,L107P,V99E,K145M,N103H,V135A,F42C,S90T,L107V,V112F,V34M,P37H,V99M,D100V,G108D,Q128R,H93R,Q132H,A28S,L106F,L89P,L29M,D100N,D100G,Q128P,F104I,F42S,A129P,R31T,N109S,T39I,H93Y,G30S,Q40H,A28G,Y146N,L33P,L32R,L33Q,L32V,A129V
4mmz	B	P05106	Integrin beta-3	P189S
4mws	A	P10619	Lysosomal protective protein	F440V,Y395C
4nc5	A	Q9Y3R4	Sialidase-2	A145T
4nmm	A	P01116	GTPase KRas	G60V,G60R,Q61H,G12V,T58I,G60S,G12D,V14I
4nhy	A	Q8N543	2-oxoglutarate and iron-dependent oxygenase domain-containing protein 1	T308I
4nkx	C	P05093	Steroid 17-alpha-hydroxylase/17,20 lyase	R358Q,Y64S,Y329D,F417C,R496H,R496C,R362C
4nkz	D	P05093	Steroid 17-alpha-hydroxylase/17,20 lyase	R358Q,Y64S,Y329D,F417C,R496H,R496C,R362C,S106P
4og5	A	O00255	Menin	A165P,T557S,R280K,E45G,W441R,D423H,L228P
4og8	A	O00255	Menin	A165P,D418N,T557S,R280K,E45G,W441R,D423H,L228P
4og6	A	O00255	Menin	A165P,T557S,R280K,E45G,W441R,D423H,L228P
4oqv	A	Q02127	Dihydroorotate dehydrogenase (quinone), mitochondrial	R135C
4ovu	A	P42336	Phosphatidylinositol 4,5-bisphosphate 3-kinase catalytic subunit alpha isoform	E545K,E365K,I391M
4p4r	A	P20036	HLA class II histocompatibility antigen, DP alpha 1 chain	M62L,V122M,M62K,A42T,A42V
4p4r	B	P04440	mim2 peptide,HLA class II histocompatibility antigen, DP beta 1 chain	M105V
4pt6	A	P00451	Coagulation factor VIII	Q2265R,F2279C,L2229F,R2326Q,R2228P,G2304V,R2339T,R2326G,R2326L,V2251E,I2204T,A2211P,R2228G,W2248S,V2251A,F2279I,R2228Q,R2326P,W2248C,R2228L,T2264A,P2224L
4q02	A	P01116	GTPase KRas	Q61H,G12V,T58I,G12D,V14I
4pvl	A	P02766	Transthyretin	F53L,G67E,T69I,F53I,V50A,E74K,L78R,G73E,E81K,A111S,T80A,E81G,K90N,E74G,T126N,F84L,I127M,L75P,V50L,L78H,A65T,G77R,C30R,G67R,Y89H,I93V,T69A,L131M,G67A,Y136S,I127V,F53V,H108R,T79K,V91A,L32P,V50M,L75Q,F64S,A65D,A65S,L75R,G67V
4pv7	A	P27487	Dipeptidyl peptidase 4 soluble form	S437T
4q1f	A	P27707	Deoxycytidine kinase	I24V
4q7p	A	P00918	Carbonic anhydrase 2	Q92P,H107Y,G144R,H94Y
4q8x	A	P00918	Carbonic anhydrase 2	Q92P,H107Y,G144R,H94Y
4rkw	A	Q99497	Protein DJ-1	A104T,M26I,E64D,D149A
4rku	A	P05310	Photosystem I P700 chlorophyll a apoprotein A1	V173I,I44L
4s0h	E	Q99593	T-box transcription factor TBX5	G80E
4s0h	B	P52952	Homeobox protein Nkx-2.5	R189G,N188K,R190C,Q187H
4s1g	A	P00797	Renin	D104N
4ufb	D	P12821	ANGIOTENSIN-CONVERTING ENZYME	P528T,Y244C
4urx	R	P01112	GTPASE HRAS	G12C,G13C,G60V,G12V,G60D,G12S,G13D,G13V,T58I,G12A,Q61K,Q61L,G12D
4urx	S	Q07889	SON OF SEVENLESS HOMOLOG 1	E846K,Y702H
4uz0	A	O60936	NUCLEOLAR PROTEIN 3	D13H
4uxp	C	Q12756	KINESIN-3 MOTOR DOMAIN	R169K,R216H,P305L,R216C,R307Q
4uxt	C	Q12840	KINESIN HEAVY CHAIN ISOFORM 5A	Y276C,N256S,R280C,E251K
4w9d	F	P40337	Von Hippel-Lindau disease tumor suppressor	I147T,A149T,S111R,V84L,V155M,F136Y,E70K,F76S,Q145H,S80R,S68W,N131T,R107P,Y112N,S65W,P81S,R82L,R79P,D143E,Y112H,H115Y,L116V,I151T,N78T,N78S,L101R,Y156N,P154L,R82P,V130L,R64P,G114S,G106D,F119S,Q132P,T105P,V74G,H115Q,S111C,F119L,S80I,S65L
4wpn	A	P00352	Retinal dehydrogenase 1	I177F
4x3o	A	Q8IXJ6	NAD-dependent protein deacetylase sirtuin-2	A161T
4xe4	A	P00748	Coagulation factor XII	L414M,W505C,A411T,D461N
4xe1	A	P00918	Carbonic anhydrase 2	Q92P,H107Y,G144R,H94Y
4xld	A	P37231	Peroxisome proliferator-activated receptor gamma	R425C
4xvr	A	P01112	GTPase HRas	G12C,G13C,G60V,G12V,G60D,G12S,G13D,G13V,T58I,G12A,Q61K,Q61L,G12D
4xvq	A	P01112	GTPase HRas	G12C,G13C,G60V,G12V,G60D,G12S,G13D,G13V,T58I,G12A,Q61K,Q61L,G12D
4xxo	B	P31941	DNA dC->dU-editing enzyme APOBEC-3A	T19A
4xx3	A	P00797	Renin	D104N
4xwy	A	P35270	Sepiapterin reductase	G102C,V38I
4y40	A	Q8IW75	Serpin A12	I394V
4ydn	A	P02766	Transthyretin	F53L,G67E,T69I,F53I,V50A,E74K,L78R,G73E,E81K,A111S,A117S,T80A,E81G,K90N,A117G,E74G,T126N,W61L,F84L,I127M,L75P,V50L,L78H,A65T,C30R,G67R,Y89H,I93V,T69A,L131M,G67A,Y136S,I127V,F53V,H108R,T79K,V91A,L32P,V50M,L75Q,F64S,A65D,A65S,L75R,G67V
4yps	A	P04629	High affinity nerve growth factor receptor	G714S,R649W,H598Y,P695L,R654C,G613V
4z16	B	P52333	Tyrosine-protein kinase JAK3	L910S
4z7o	A	P08514	Integrin alpha-IIb	G412R
4z7o	D	P05106	Integrin beta-3	P189S
4zfx	A	P80188	Neutrophil gelatinase-associated lipocalin	P121S,T124M
4zlz	A	Q06187	Tyrosine-protein kinase BTK	L486P,M509V,D579N,Y511N,C527F,K577I,G594R,L522P,P565T,G541D,V546A,K430R,A523E,L542P,C506F,M587L,E589G,C506R,R525G,E589K,S592P,Y551H,W563L,R544K,I590F,R520Q,Y591S,R544T,F644L,R525Q,C527S,S592Y,W581R,R525P,L518R,A524P,V537E,F540S,E445D,D504V,R520G,D521G,V535F,G594E,K430E,F583S,R544G,A582D,C502F,D579V,C502W,V585F,F644Y,R544S,W588C,F644S,D521N,W581S,C506Y,A622P,M509I,L512P,D521H,Y476D,F559S,M587T,A523V,M501T,S538P,M509T,A582V,S578Y,W588R,M477R,L512Q,A508D
4zse	B	P00533	Epidermal growth factor receptor	G719C,G719A,L858M,E709K,G719D,T790M,Q787R,G724S,E709A,R748P,L747F,L861Q
4ztz	B	Q9UHN1	DNA polymerase subunit gamma-2, mitochondrial	G451E,D386E
4zzz	A	P09874	POLY [ADP-RIBOSE] POLYMERASE 1	V762A
5ahx	A	P34913	BIFUNCTIONAL EPOXIDE HYDROLASE 2	P308S,R234Q,R50C,C101Y
5aia	A	P34913	BIFUNCTIONAL EPOXIDE HYDROLASE 2	P308S,R234Q,R50C,C101Y
5amb	A	P12821	ANGIOTENSIN-CONVERTING ENZYME	P528T,Y244C
5bo1	A	P78504	Protein jagged-1	G256S,P269L,R252G
5bwn	A	Q9NTG7	NAD-dependent protein deacetylase sirtuin-3, mitochondrial	G227S
5c3f	B	P55957	BID-MM	M98T
5c8k	A	P00533	Epidermal growth factor receptor	T790M,L858M,V834L,L833V
5cac	A	P00918	CARBONIC ANHYDRASE FORM C	Q92P,H107Y,G144R,H94Y
5cqu	A	P68400	Casein kinase II subunit alpha	D156E
5cx9	A	P68400	Casein kinase II subunit alpha	D156E
5d3o	A	O94925	Glutaminase kidney isoform, mitochondrial	P313L,A432S
5dsq	A	P00918	Carbonic anhydrase 2	Q92P,H107Y,G144R,H94Y
5dsh	A	P37231	Peroxisome proliferator-activated receptor gamma	R425C,F388L
5dy4	A	Q8IXJ6	NAD-dependent protein deacetylase sirtuin-2	A161T
5dyh	A	P02787	Serotransferrin	A477P
5ebb	A	Q92484	Acid sphingomyelinase-like phosphodiesterase 3a	R343H
5edq	A	P00533	Epidermal growth factor receptor	T790M,L858M,V834L,L833V
5e6s	E	P20701	Integrin alpha-L	R131W
5e6s	B	P05107	Integrin beta-2	R257W,D231H,A270V,D238N,D300V,P178L,A239T,G273R,L105P
5ekj	A	P00918	Carbonic anhydrase 2	Q92P,H107Y,G144R,H94Y
5fbo	A	Q06187	Tyrosine-protein kinase BTK	L486P,M509V,D579N,L452P,C527F,G594R,L522P,G541D,S575R,L542P,A523E,E589G,C506F,E589K,C506R,R525G,S592P,W563L,I590F,R520Q,Y591S,F644L,R525Q,C527S,S592Y,W581R,R525P,L518R,A524P,V537E,F540S,E445D,D504V,R520G,D521G,V535F,G594E,F583S,A582D,C502F,D579V,C502W,V585F,F644Y,F644S,D521N,W581S,C506Y,A622P,M509I,L512P,D521H,F559S,A523V,M501T,S538P,M509T,A582V,S578Y,M477R,L512Q,A508D,S575I
5fi2	A	O94925	Glutaminase kidney isoform, mitochondrial	P313L
5fn3	A	Q92542	Nicastrin	E57D
5fn3	B	P49768	Presenilin-1	V97L,H214D,L226R,G206V,G217D,A231V,V96F,M233I,Q222R,M233V,L226F,A231T,M233L,G394V,E280G,F237I,F177S,E120D,E184D,S170F,G209E,H163R,V391F,G206A,W165C,L166H,G183V,L166R,F105I,S390I,Q223R,I213T,L166P,P284L,L250S,I229F,L85P,L219P,V94M,G206D,P284S,E120K,G209R,S169L,L381V,Q222H,G206S,G209V,L418F,I213L,N405S,L282F,A285V,A246E,H163Y,Y154C,L392V,L153V,L286P,L286V,L282V,M233T,F105L,C92S,Y154N,L174M,E123K,I213F,F177L,S178P,L171P,G384A,S169P,V89L,L219F,W165G,L173F,E280A,F386S,L173W,T245P,L282R,I439V,L235V,F237L,L250V,H214Y,L392P,L174R
5fo9	A	P01024	COMPLEMENT C3 BETA CHAIN	D549N,S550P
5foa	A	P01024	COMPLEMENT C3 BETA CHAIN	R592Q
5foa	B	P01024	COMPLEMENT C3B ALPHA CHAIN	R1320Q
5h78	A	P13861	cAMP-dependent protein kinase type II-alpha regulatory subunit,DHR14	C134Y
5hhw	A	P06213	Insulin receptor	I1143T,A1161T,V1012M,A1162E,W1227S,A1075D,R1201Q,R1158W,A1055V,P1205L,R1119W,R1201W
5hi2	A	P15056	Serine/threonine-protein kinase B-raf	E501A,H574Q,D638E,K641Q,G596V,L637V,N621D,G509E,N621K,G504E,E501G,D594V,E501K,W531C,E541G,F595L,E541K,F508S,E541V
5hie	B	P15056	Serine/threonine-protein kinase B-raf	E501A,R462I,H574Q,D638E,G464R,T599R,G596V,G469R,K601E,N621D,V600G,G466V,N621K,F468S,G466A,E501G,D594V,V600D,G464V,E501K,G466E,E541G,F595L,S467A,G464E,E541K,L485F,G469E,T599I,E541V
5how	A	P05067	Amyloid beta A4 protein	A692G,E693G,E693K,E693Q,L705V
5hoy	A	P05067	Amyloid beta A4 protein	L705V
5hp5	A	Q9ULC6	Protein-arginine deiminase type-1	V649M
5i46	H	P08709	Coagulation factor VII (Heavy Chain)	R342Q
5hyw	A	Q5VMP0	F-box/LRR-repeat MAX2 homolog	R36W
5i5v	A	O15382	Branched-chain-amino-acid aminotransferase, mitochondrial	T186R
5id7	A	P02768	Serum albumin	R242H,R242P
5ipj	A	P11309	Serine/threonine-protein kinase pim-1	P311T
5j0c	A	P00441	Superoxide dismutase [Cu-Zn],Superoxide dismutase [Cu-Zn],OXIDOREDUCTASE,Superoxide dismutase [Cu-Zn]	I105F,A146T,F46C,L39R,D102G,H44R,D102N,G86R,N87S,L85F,H47R,L39V,C147R,L145F,I150T,L85V,L145S
5j0g	A	P00441	OXIDOREDUCTASE,Superoxide dismutase [Cu-Zn]	G42D,L9Q,E22G,I113M,D126H,F46C,A5S,L9V,L107V,L39R,H44R,N87S,E22K,L85V,I105F,I113T,G42S,A5V,L85F,A5T,L39V,H47R,C7F
5j6z	B	P02751	Anastellin	T710I
5j79	A	O43353	Receptor-interacting serine/threonine-protein kinase 2	I259T
5jat	A	Q13093	Platelet-activating factor acetylhydrolase	V279F,R182I,L389S,I198T
5j6s	A	Q6P179	Endoplasmic reticulum aminopeptidase 2	L624Q
5jcn	A	Q652L6	Os09g0567300 protein	Y349F,R351A,Y349W,Y349A,E196A
5jgc	A	Q5NBT9	Protein TPR1	K71A,F74A,L111A,L118A,L150A,N176H,Y68A
5jem	A	Q14653	Interferon regulatory factor 3	R368H
5khp	A	P80188	Neutrophil gelatinase-associated lipocalin	P121S
5kmk	A	P04629	High affinity nerve growth factor receptor	G714S,R649W,H598Y,P695L,R654C
5kk7	A	Q9UKM7	Endoplasmic reticulum mannosyl-oligosaccharide 1,2-alpha-mannosidase	R334C,G477R
5kmo	A	P04629	High affinity nerve growth factor receptor	G714S,R649W,H598Y,P695L,R654C,G613V
5kzx	A	P10253	Lysosomal alpha-glucosidase	W746S,D645E,Y292C,T927I,R725W,C647W,R702H,G607D,R660H,C374R,P545L,W330G,G293R,G643R,R702L,V816I,P361L,R600C,D645H,H612Q,R672W,T614K,W746C,E521K,M439K,L552P,M318T,E262K,R672Q,W402R,G219R,L632R,R600H,E579K,G648S,D645N,M519T,M519V,A237V,Y575S,L312R,R702C
5l0c	A	P18206	Vinculin	R975W
5kvh	A	O95831	Apoptosis-inducing factor 1, mitochondrial	R422W,R422Q
5lap	B	P04637	Cellular tumor antigen p53	D281G,D281V,P151S,Y220S,C238W,Y220C,Y234H,C275Y,H179Y,M246V,I195T,C141Y,R175G,C242Y,P152L,C238Y,R175H,H179Q
5l8r	A	P05310	Photosystem I P700 chlorophyll a apoprotein A1	V173I,I44L
5lje	A	P09455	Retinol-binding protein 1	M112V
5m3o	A	O43464	Serine protease HTRA2, mitochondrial	G399S,A141S
5m4j	A	P12955	Xaa-Pro dipeptidase	R184Q,G278D,D276N
5mc3	B	P12955	Xaa-Pro dipeptidase	R184Q,G278D,D276N
5moh	A	P68400	Casein kinase II subunit alpha	D156E
5n2s	A	P30542	Soluble cytochrome b562,Adenosine receptor A1	V53M
5n9l	A	P68400	Casein kinase II subunit alpha	D156E
5nfp	A	P04150	Glucocorticoid receptor	I747M,V729I,L753F,D641V,I559N
5nk2	A	P29317	Ephrin type-A receptor 2	M631T
5nke	A	P29317	Ephrin type-A receptor 2	M631T
5nkg	A	P29317	Ephrin type-A receptor 2	M631T
5nr3	A	Q9UBC3	DNA (cytosine-5)-methyltransferase 3B	S270P
5nx2	A	P43220	Glucagon-like peptide 1 receptor	A316T
5nxw	A	P00918	Carbonic anhydrase 2	Q92P,H107Y,G144R,H94Y
5nya	A	P00918	Carbonic anhydrase 2	Q92P,H107Y,G144R,H94Y
5nxs	A	O14793	Growth/differentiation factor 8	A55T
5o3o	A	P10636	Microtubule-associated protein tau	V654M
5nug	A	Q14204	Cytoplasmic dynein 1 heavy chain 1	R3525C,R1567Q
5osl	A	P68400	Casein kinase II subunit alpha	D156E
5osz	A	P68400	Casein kinase II subunit alpha	Y50C,D156E
5ona	B	Q92600	CCR4-NOT transcription complex subunit 9	T146M
5otd	A	P68400	Casein kinase II subunit alpha	D156E
5ouu	B	P68400	Casein kinase II subunit alpha	D156E
5pab	H	P08709	Coagulation factor VII heavy chain	R342Q
5pam	B	P08709	Coagulation factor VII heavy chain	R342Q
5paq	B	P08709	Coagulation factor VII heavy chain	R342Q
5pb6	C	P08709	Coagulation factor VII heavy chain	R342Q
5oom	E	P09001	39S ribosomal protein L3, mitochondrial	M261T
5oom	N	Q9NX20	39S ribosomal protein L16, mitochondrial	G193R,R199Q,R207C
5oom	U	Q16540	39S ribosomal protein L23, mitochondrial	A34V,G32S,D81N
5oom	W	Q9P0M9	39S ribosomal protein L27, mitochondrial	R71C
5oom	Y	Q9HD33	39S ribosomal protein L47, mitochondrial	R213H
5oom	8	Q9NQ50	39S ribosomal protein L40, mitochondrial	R129H
5oom	m	Q7Z7F7	39S ribosomal protein L55, mitochondrial	R42H
5oom	s	Q9NP92	39S ribosomal protein S30, mitochondrial	A102V
5sw7	B	P68871	Hemoglobin subunit beta	L29R,T39P,N109I,L111P,Y131C,N109D,L107R,D95Y,D100A,F43V,F104V,L107Q,Y146D,D100H,F123S,L107P,V99E,N103H,V135A,F42C,L107V,V112F,V34M,F46Y,P37H,V99M,D100V,G108D,Q128R,H93R,Q132H,A28S,L106F,L29M,L89P,D100N,D100G,H64P,Q128P,F104I,F42S,A129P,R31T,N109S,T39I,H93Y,H64N,H117P,G30S,Q40H,A28G,Y146N,L33P,L32R,L33Q,L32V,N140T,A129V
5swf	A	Q13362	Serine/threonine-protein phosphatase 2A 56 kDa regulatory subunit gamma isoform	E37G
5swt	A	P42336	Phosphatidylinositol 4,5-bisphosphate 3-kinase catalytic subunit alpha isoform	E545K,E365K,I391M
5swo	A	P42336	Phosphatidylinositol 4,5-bisphosphate 3-kinase catalytic subunit alpha isoform	E545K,E365K,I391M
5svf	D	O75874	Isocitrate dehydrogenase [NADP] cytoplasmic	V71I,V178I
5sy9	A	Q99497	Protein deglycase DJ-1	M26I,A104T,L166P,A56T
5sy2	A	P00797	Renin	D104N
5sy6	A	Q99497	Protein deglycase DJ-1	M26I,A104T
5sxn	A	P00797	Renin	D104N
5sxd	A	P42336	Phosphatidylinositol 4,5-bisphosphate 3-kinase catalytic subunit alpha isoform	E545K,E365K,I391M
5sxe	A	P42336	Phosphatidylinositol 4,5-bisphosphate 3-kinase catalytic subunit alpha isoform	E545K,E365K,I391M
5sx8	A	P42336	Phosphatidylinositol 4,5-bisphosphate 3-kinase catalytic subunit alpha isoform	E545K,E365K,I391M
5t8f	A	O00329	Phosphatidylinositol 4,5-bisphosphate 3-kinase catalytic subunit delta isoform	E1021K,T456A
5tdz	B	P53396	ATP-citrate synthase	E567K
5thi	A	P00918	Carbonic anhydrase 2	Q92P,H107Y,G144R,H94Y
5te1	B	P53396	ATP-citrate synthase	E567K
5tia	D	P48775	Tryptophan 2,3-dioxygenase	S119P
5tya	A	P00918	Carbonic anhydrase 2	Q92P,H107Y,G144R,H94Y
5txf	A	P04180	Phosphatidylcholine-sterol acyltransferase	T298A,M276K,S205N,T298I,M317I,P331S
5u9j	A	Q9NZN9	Aryl hydrocarbon receptor-interacting protein-like 1 (AIPL1)	C89R,V96I,R53W,T114I,M79T
5ug8	A	P00533	Epidermal growth factor receptor	L858M,E734K,E709K,T790M,Q787R,V834L,L833V,E709A,L861Q
5ugx	A	P21802	Fibroblast growth factor receptor 2	K641R,G663E,A628T,R678G,A648T,K526E
5ukw	A	P11413	Glucose-6-phosphate 1-dehydrogenase	N135T
5upk	B	O96013	Serine/threonine-protein kinase PAK 4	R555G
5upk	C	P60953	Cell division control protein 42 homolog	R68Q
5ur1	A	P11362	Fibroblast growth factor receptor 1	P762S,R718G
5va1	A	Q12809	Potassium voltage-gated channel subfamily H member 2	G572S,E637K,L552S,G572R,A614V,P72S,A561V,G71R,Y43C,T613M,H70R,P72Q
5vif	A	O15294	UDP-N-acetylglucosamine--peptide N-acetylglucosaminyltransferase 110 kDa subunit	N648Y
5vin	A	P36871	Phosphoglucomutase-1	R221C
5vo4	A	P10275	Androgen receptor	M750V,R832Q,V867M,R775H,L813P,A766D,A766T,A871V,M743K,F726L,N772H,M781I
5w6m	A	P12081	Histidine--tRNA ligase, cytoplasmic	L381V,K336R
5wgp	A	P00918	Carbonic anhydrase 2	Q92P,H107Y,G144R,H94Y
5wtb	E	P08603	Peptide from Complement factor H	R1215Q,R1210C,R1215G
5x23	A	P11712	Cytochrome P450 2C9	R144C,I359L
5xrn	A	Q05315	Galectin-10	N65K
5xvg	A	O96013	Serine/threonine-protein kinase PAK 4	R555G
5yef	A	P49711	Transcriptional repressor CTCF	R339W,K344E,H345R
5ydk	A	Q8IYW5	E3 ubiquitin-protein ligase RNF168	A167T
5yoq	A	P02768	Serum albumin	R242H,R242P
6ark	A	P01116	GTPase KRas	G60V,I36M,G60R,K5N,T58I,G60S,V14I
6b41	A	O00255	Menin	E260K,R280K,E45G,W441R,L228P
6b3j	R	P43220	Glucagon-like peptide 1 receptor	L260F
6b3j	B	P62873	Guanine nucleotide-binding protein G(I)/G(S)/G(T) subunit beta-1	K78R,I80T,I80S
6b4j	A	Q53GS7	Nucleoporin GLE1	I684T
6bd5	A	P08684	Cytochrome P450 3A4	L293P
6bdi	A	P08684	Cytochrome P450 3A4	L293P
6bev	B	Q8NFU3	Thiosulfate sulfurtransferase/rhodanese-like domain-containing protein 1	E73K
6bmx	A	Q06124	Tyrosine-protein phosphatase non-receptor type 11	N58H,R498W,G60R,N58Y,P491S,E110K,T468P,P491L,G60S,Q510R,D61H,A461S,Q510H,Q510E,N58D,D61V,P491H,N58K,E110A,Y62D,I221V,Q510P,G60A,R501K,R498L,G60C,T468M,G60V,P491A,K70R,Y279C,A461T,D61G,D61N,G464A,P491T
6bmy	A	Q06124	Tyrosine-protein phosphatase non-receptor type 11	R498W,G60R,P491S,E110K,T468P,P491L,G60S,Q510R,D61H,A461S,Q510H,Q510E,D61V,P491H,E110A,Y62D,I221V,Q510P,G60A,R501K,R498L,G60C,T468M,G60V,P491A,Y279C,A461T,D61G,D61N,G464A,P491T
6c0v	A	P08183	Multidrug resistance protein 1	N183S
6c2g	A	P60174	Triosephosphate isomerase	C42Y
6caa	A	Q9Y6R1	Electrogenic sodium bicarbonate cotransporter 1	R925C,S471L
6cjf	A	Q02127	Dihydroorotate dehydrogenase (quinone), mitochondrial	R346W
6cvq	A	Q7Z2E3	Aprataxin	V263G
6d1m	A	P00918	Carbonic anhydrase 2	Q92P,H107Y,G144R,H94Y
6d1l	A	P00918	Carbonic anhydrase 2	Q92P,H107Y,G144R,H94Y
6el7	A	P04150	Glucocorticoid receptor	I747M,V729I,L753F,D641V,I559N
6equ	A	P00918	Carbonic anhydrase 2	Q92P,H107Y,G144R,H94Y
6g2j	J	P03925	NADH-ubiquinone oxidoreductase chain 6	P25L
6pah	A	P00439	PHENYLALANINE 4-MONOOXYGENASE	Y206C,A345S,S231F,S303A,F331C,A342T,S231P,T328A,P281S,L242F,R413C,M276V,E280G,G257C,G352C,F254I,R413H,S349P,S303P,L249H,T278A,A345T,H271R,R413S,A259V,R413P,Y414C,I269L,H264L,R123I,T278I,Q235P,H285Y,I283N,I283F,H170R,T124I,Q304R,V190A,V245L,P275S,D145V,R243L,I269N,E330D,Y343C,L348V,Y356H,C284R,T418P,V245I,C265G,T380M,R261Q,H290R,G239S,R241H,E280K,M276R,R413G,T278N,M276I,V245E,L288F,A300V,S349L,F331L,D282N,I306V,R243Q,T266E,E286K,Y343D,F263L,Y343F,M276K,S350Y,S350T,H271Y,G344V,A259T,L308V,R270S,F240V,Q301K,L194P,L311P,A300S,G352R,L255S,P275L,G239V,A342P,G344S,S349A,F240S,H170Q,Y277C,L255V,H146Y,E422K,S310F,P147L,G239D,G257D,P147S,L333F,R241C,I421T,D415N,G289R,R241L,H170D,V245A,G257S,L249F,G239A,Y206D,R270K,P275R,G346R,F327L,C265Y,L308F,Y277D,L347F,D282G,T238P,S310Y,Y325C,G344R,F299C,P281L
1gb0	A	P61626	LYSOZYME	I74T
1gb5	A	P61626	LYSOZYME	I74T
1gby	A	P61626	LYSOZYME	I74T
1gez	A	P61626	LYSOZYME	I74T
1ge2	A	P61626	LYSOZYME C	I74T
1gfk	A	P61626	LYSOZYME	I74T
1gfu	A	P61626	LYSOZYME	I74T
1gkd	A	P14780	92 KDA TYPE IV COLLAGENASE	R239H
1grb	A	P00390	GLUTATHIONE REDUCTASE	I357V
1grh	A	P00390	GLUTATHIONE REDUCTASE	I357V
1auq	A	P04275	A1 DOMAIN OF VON WILLEBRAND FACTOR	S1310F,V1314D,V1316M,L1296P,L1383P,L1276P,A1461D,F1369I,V1314F,R1379C,L1282R,R1315C,R1374H,S1285F,V1279I
1bui	B	P00747	Plasminogen	A620T,S591P
1c0f	S	P06396	GELSOLIN SEGMENT 1	A95T,A76V
1hj7	A	P01130	LDL RECEPTOR	Y375C,C318R,C352Y,D356Y,D342N,G373D,H327Y,C329Y,D354V,C318F,D354G,N370T
1cdy	A	P01730	T-CELL SURFACE GLYCOPROTEIN CD4	K191E
1cfg	A	P00451	COAGULATION FACTOR VIII	R2323L,R2323H,R2323G,R2326P,R2339T,R2326Q,R2323C,W2332R,R2326G,R2326L,Q2330P
1cim	A	P00918	CARBONIC ANHYDRASE II	Q92P,H107Y,G144R,H94Y
1i91	A	P00918	CARBONIC ANHYDRASE II	Q92P,H107Y,G144R,H94Y
1i9o	A	P00918	CARBONIC ANHYDRASE II	Q92P,H107Y,G144R,H94Y
1if6	A	P00918	Carbonic Anhydrase II	Q92P,H107Y,G144R,H94Y
1icf	A	P07711	PROTEIN (CATHEPSIN L: HEAVY CHAIN)	S117Y
1di5	A	P61626	LYSOZYME C	I74T
1hz3	A	P05067	A-BETA AMYLOID	A692G,E693G,E693K,E693Q,E682K,D694N,L705V
1i1z	A	P61626	LYSOZYME C	I74T
1eq5	A	P61626	LYSOZYME	I74T
1ex0	B	P00488	COAGULATION FACTOR XIII A CHAIN	A395V,R327Q,Y205F
1e8z	A	P48736	PHOSPHATIDYLINOSITOL 3-KINASE CATALYTIC SUBUNIT	T857A
1dzh	I	P01008	ANTITHROMBIN-III	L158P,R425P,I453T,R425H,L302P,M121K,S397P,Y95C,W257R,R425C,G456R,D398H,I251T,F90L,L441P,S426L,T243I,E334K,L98P,Y95S,R89C,P112T,R457T,G424D
1dzh	L	P01008	ANTITHROMBIN-III	L158P,A416S,P439T,R438M,I453T,E269K,L302P,R438G,A419V,M121K,A416P,I316N,N437K,Y95C,W257R,G456R,D398H,I251T,F179L,F90L,P461L,L178H,Y198C,P439L,L441P,Y198H,H152Y,T243I,A459D,M283V,Y95S,R457T,P112T
1e04	L	P01008	ANTITHROMBIN-III	L158P,A416S,P439T,R438M,I453T,L302P,R438G,A419V,M121K,A416P,I316N,N437K,Y95C,W257R,A436T,G456R,D398H,I251T,F179L,F90L,P461L,L178H,Y198C,P439L,L441P,Y198H,H152Y,T243I,A459D,M283V,Y95S,R457T,P112T
1fzc	B	P02675	FIBRIN	R478K,G430D,L202Q
1nhz	A	P04150	GLUCOCORTICOID RECEPTOR	V729I
1qz2	A	Q02790	FK506-binding protein 4	N197K
1inu	A	P61626	LYSOZYME	I74T
1ip6	A	P61626	LYSOZYME C	I74T
1ip2	A	P61626	LYSOZYME C	I74T
1ip1	A	P61626	LYSOZYME C	I74T
1irk	A	P06213	INSULIN RECEPTOR TYROSINE KINASE DOMAIN	I1143T,A1161T,V1012M,A1162E,W1227S,A1075D,R1201Q,R1158W,A1055V,R1119W,R1201W
1ira	Y	P14778	INTERLEUKIN-1 RECEPTOR	Q253K
1ird	B	P68871	Hemoglobin beta chain	L29R,T39P,N109I,L111P,Y131C,N109D,L107R,D95Y,D100A,F43V,F104V,L107Q,Y146D,D100H,F123S,L107P,V99E,K145M,N103H,V135A,F42C,S90T,L107V,V112F,V34M,P37H,V99M,D100V,G108D,Q128R,H93R,Q132H,A28S,L106F,L89P,L29M,D100N,D100G,Q128P,F104I,F42S,A129P,R31T,N109S,T39I,H93Y,G30S,A28G,Y146N,L33P,L32R,L33Q,L32V,N140T,A129V
1lmj	A	P35555	fibrillin 1	Y1101C,E1073K,C1086G
1lpq	A	P11387	DNA topoisomerase I	M370T,N722S,D533G
1rex	A	P61626	LYSOZYME	I74T
1re3	E	P02675	Fibrinogen beta chain	R196C,G430D,L202Q
1p2s	A	P01112	Transforming protein p21/H-RAS-1	G12C,G13C,G60V,G12V,G60D,G12S,G13D,G13V,T58I,G12A,Q61K,Q61L,G12D
1rf1	B	P02675	Fibrinogen beta chain	R478K,R196C,G430D,L202Q
1p2u	A	P01112	Transforming protein p21/H-RAS-1	G12C,G13C,G60V,G12V,G60D,G12S,G13D,G13V,T58I,G12A,G12D
1p5f	A	Q99497	RNA-binding protein regulatory subunit	M26I,A104T,D149A
1p5z	B	P27707	Deoxycytidine kinase	I24V
1j7p	A	P0DP23	Calmodulin	D132N,D132G,F142L,D132E,D94A
1j8t	A	P00439	PHENYLALANINE-4-HYDROXYLASE	Y206C,A345S,S303A,F331C,A342T,T328A,P281S,L242F,R413C,M276V,E280G,G257C,G352C,C203Y,F254I,R413H,S349P,S303P,L249H,T278A,A345T,H271R,R413S,A259V,R413P,Y414C,I269L,H264L,R123I,T278I,P122Q,H285Y,I283N,I283F,H170R,T124I,Q304R,V190A,V245L,P275S,D145V,R243L,I269N,E330D,Y343C,L348V,K341T,C284R,T418P,V245I,C265G,T380M,R261Q,H290R,G239S,R241H,E280K,M276R,R413G,T278N,Y386C,M276I,V245E,L288F,A300V,S349L,F331L,D282N,I306V,R243Q,T266E,E286K,Y343D,F263L,Y343F,M276K,S350Y,S350T,H271Y,K341R,G344V,A259T,L308V,R270S,F240V,Q301K,L194P,L311P,A300S,G352R,L255S,P275L,G239V,A342P,G344S,S349A,F240S,H170Q,Y277C,L255V,H146Y,E422K,S310F,P147L,G239D,G257D,P147S,L333F,R241C,I421T,D415N,G289R,R241L,H170D,V245A,G257S,L249F,G239A,Y206D,R270K,P275R,G346R,F327L,C265Y,L308F,Y277D,L347F,D282G,T238P,S310Y,Y325C,G344R,W187C,F299C,P281L
1nrl	A	O75469	Orphan nuclear receptor PXR	A370T
1rk7	A	P00441	Superoxide dismutase [Cu-Zn]	A146T,G42D,L127S,C7F,L9Q,D125V,N140K,V15M,V15G,V149G,I113M,H81A,D77Y,D126H,G109V,N66S,F46C,D102G,R116G,A5S,L9V,S106L,L107V,V8E,I152T,L68R,L39R,G115A,H44R,D102N,N87S,C147R,I150T,A90V,L85V,V149I,L145S,I105F,I114T,I113T,G42S,A5V,G86R,L85F,A5T,L39V,H47R,E50K,L145F,H49Q
1rrj	A	P11387	DNA topoisomerase I	M370T,N722S,D533G
1k3o	B	P08263	GLUTATHIONE S-TRANSFERASE A1	R13Q
1l4d	A	P00747	PLASMINOGEN	A620T,S591P
1l6m	A	P80188	Neutrophil gelatinase-associated lipocalin	P121S
1spy	A	P63316	TROPONIN C	L29Q
1kcq	A	P06396	GELSOLIN	D214N,D214Y
1kct	A	P01009	ALPHA1-ANTITRYPSIN	E366K,E400D,L65P,R63C
1ptz	A	P00441	Superoxide dismutase [Cu-Zn]	G73S,A146T,L127S,L9Q,D125V,E22G,V149G,I113M,D77Y,D126H,F46C,D102G,R116G,A5S,L9V,S106L,L107V,V8E,I152T,G115A,H44R,D102N,N87S,E22K,C147R,I150T,L85V,V149I,I105F,I113T,A5V,G86R,L85F,A5T,H47R,C7F,H49Q
1tij	A	P01034	Cystatin C	L94Q,T142A
1qkq	A	Q05315	EOSINOPHIL LYSOPHOSPHOLIPASE	N65K
1qlz	A	P04156	PRION PROTEIN	E200K,D202N,H187R,R208H,V180I,E211Q,V210I,Q217R,V203I,G131V,Q212P
1ubz	A	P61626	Lysozyme C	I74T
1oq5	A	P00918	Carbonic anhydrase II	Q92P,H107Y,G144R,H94Y
1o1j	B	P68871	Hemoglobin Beta chain	T39P,N109I,N109D,L107R,A136D,D95Y,D100A,F43V,F104V,L107Q,Y146D,D100H,H144N,L107P,V99E,H144L,G137S,N103H,V135A,F42C,L107V,V112F,G137A,P37H,V99M,D100V,G108D,Q128R,H93R,Q132H,L106F,D100N,D100G,Q128P,F104I,A136V,F42S,V2G,A129P,N109S,T39I,L33Q,H93Y,V134M,H64N,E44G,V134A,Q40H,Y146N,L33P,L32R,H64P,L32V,N140T,A129V
1t45	A	P10721	Homo sapiens v-kit Hardy-Zuckerman 4 feline sarcoma viral oncogene homolog	L656P,G812V,F584L,R791G,E583K,F584C,R796G,T847P,G664R
1moo	A	P00918	Carbonic Anhydrase II	Q92P,H107Y,G144R,H94Y
2ecg	A	P98170	Baculoviral IAP repeat-containing protein 4	T470S,I494N
2edq	A	Q5VST9	Obscurin	S3783P
2bxn	A	P02768	SERUM ALBUMIN	R242H,R242P
2bz6	H	P08709	BLOOD COAGULATION FACTOR VIIA	R342Q
1wvb	A	P05089	Arginase 1	D128G,I11T
2c10	B	Q16853	MEMBRANE COPPER AMINE OXIDASE	H167Y,I371T
1yap	A	P61626	LYSOZYME	I74T
2a7q	A	P27707	Deoxycytidine kinase	I24V
1ya3	A	P08235	Mineralocorticoid receptor	S805P,Q776R,S818L,L924P,S815R
2aa7	A	P08235	Mineralocorticoid receptor	E972G,S805P,Q776R,S818L,L924P,S815R
2aaq	A	P00390	glutathione reductase	I357V,R153C
1yjt	A	Q04656	Copper-transporting ATPase 1	Y608C
1zlr	A	P03951	Coagulation factor XI	F460V,T404N,S594R,C416Y,A430V
1zpz	A	P03951	Coagulation factor XI	T493I,T404N,S594R,C416Y,A430V
1uk1	A	P09874	Poly [ADP-ribose] polymerase-1	V762A
1zmd	E	P09622	Dihydrolipoyl dehydrogenase	G229C
1z9i	A	P00533	Epidermal growth factor receptor	G719C,G719A,E709K,G719D,E709A,S703F
1zd6	A	P02766	Transthyretin	F53L,F53I,V50A,L78R,E81K,A111S,A117S,T80A,E81G,K90N,A117G,T126N,F84L,I127M,L75P,V50L,L78H,A65T,G77R,C30R,Y89H,I93V,L131M,Y136S,I127V,F53V,H108R,V91A,L32P,V50M,L75Q,F64S,A65D,A65S,L75R,T79K
1zd4	A	P34913	epoxide hydrolase 2, cytoplasmic	C101Y,K55R,R234Q,R50C,P308S
1xz5	B	P68871	Hemoglobin beta chain	N58S,L29R,T39P,N58H,N109I,L111P,Y131C,N109D,L107R,A136D,F104V,D100A,L107Q,Y146D,D100H,F123S,L107P,G137S,N103H,V135A,A54T,L107V,V112F,G137A,V34M,P37H,G108D,V24I,D100V,Q128R,Q132H,V61E,A28S,L106F,V24A,L29M,D100N,D100G,G57C,Q128P,F104I,E23D,A129P,D53Y,R31T,A136V,N109S,T39I,K60T,E27A,V134M,H117P,E27K,G30S,V134A,A28G,Y146N,L33P,L32R,L33Q,L32V,N140T,A129V
2c9s	A	P00441	SUPEROXIDE DISMUTASE [CU-ZN]	A146T,L9Q,D125V,E22G,V149G,I113M,H81A,F46C,D102G,R116G,L9V,E101G,V8E,G115A,H44R,D102N,N87S,E22K,C147R,I150T,A90V,L85V,V149I,I105F,I114T,E101K,I113T,G86R,L85F,H47R,C7F,H49Q
2ca2	A	P00918	CARBONIC ANHYDRASE II	Q92P,H107Y,G144R,H94Y
1x59	A	P12081	Histidyl-tRNA synthetase	Q14K
1v11	A	P12694	2-OXOISOVALERATE DEHYDROGENASE ALPHA SUBUNIT	Y413C,I326T,T211M,R159W,A220V,E327K
1v11	B	P21953	2-OXOISOVALERATE DEHYDROGENASE BETA SUBUNIT	V251A,G135R,R183P,A137V,G278S,E330K,R168H
1yxs	A	P11309	Proto-oncogene serine/threonine-protein kinase Pim-1	P311T
2a0x	A	P00491	Purine nucleoside phosphorylase	V227I,R234P,Y192C,A117T,G190V,D128G
1w7x	H	P08709	BLOOD COAGULATION FACTOR VIIA	R342Q
2bql	A	P61626	LYSOZYME	I74T
2bqe	A	P61626	LYSOZYME	I74T
2bqm	A	P61626	LYSOZYME	I74T
2bqq	A	O43602	NEURONAL MIGRATION PROTEIN DOUBLECORTIN	R102G
1xj7	A	P10275	Androgen receptor	M750V,R832Q,V867M,R775H,L813P,A766D,A766T,A871V,M743K,F726L,N772H,M781I
2chx	A	P48736	PHOSPHATIDYLINOSITOL-4,5-BISPHOSPHATE 3-KINASE CATALYTIC SUBUNIT GAMMA ISOFORM	T857A
2bbo	A	P13569	Cystic fibrosis transmembrane conductance regulator	P574H,V456A,M394R,A561E,H609R,V562L,D572N,G551D,R560T,L568F,Q552K,A613T,L467P,I539T,S549N,D614G,Y569D,S549R,S573C,A559V,A559T,S549I,D614Y,V392G,R560K,I502T,E608G,A455E,R560S,Q493P,I556V,L558S,Q493R,I497V,G551S
2bdl	A	P43235	Cathepsin K	C318Y,L309P,A277V,G146R
2e5e	A	Q15109	Advanced glycosylation end product-specific receptor	R77C
2geh	A	P00918	Carbonic anhydrase 2	Q92P,H107Y,G144R,H94Y
2hbc	B	P68871	HEMOGLOBIN A (ETHYL ISOCYANIDE) (BETA CHAIN)	L29R,T39P,N109I,L111P,Y131C,N109D,L107R,D95Y,D100A,F43V,F104V,L107Q,Y146D,D100H,F123S,L107P,V99E,N103H,V135A,F42C,S90T,L107V,V112F,V34M,P37H,V99M,D100V,G108D,Q128R,H93R,Q132H,A28S,L106F,L89P,L29M,D100N,D100G,Q128P,F104I,F42S,A129P,R31T,N109S,T39I,H93Y,H117P,G30S,Q40H,A28G,Y146N,L33P,L32R,L33Q,L32V,N140T,A129V
2hbz	A	P29466	Caspase-1	K226R,S188L
2hbs	B	P68871	HEMOGLOBIN S (DEOXY), BETA CHAIN	L29R,F86S,L107R,D95Y,D100A,H144N,L107P,H147Y,V135A,P37H,V24I,L89P,D100N,Q128P,A136V,F42S,R31T,N109S,L69F,Q40H,L32V,Y131C,V134M,G65A,L111P,A136D,A87P,F104V,L107Q,D100H,K67E,K83E,G75D,G137S,T85A,N103H,G137A,V99M,A28S,V24A,A11T,A129P,T85N,L33Q,L29M,V34M,T39P,K67N,S73R,F123S,H144L,F42C,S90T,A71P,L107V,V112F,G108D,Q128R,D22V,L106F,K83T,D100G,F104I,V2G,T39I,H93Y,E27A,V134A,Y146N,L33P,A71G,Q132H,A129V,N109I,N109D,K83Q,Y146D,K9R,A77P,V99E,K145M,D100V,H93R,L4M,V19G,V21E,H64N,E27K,A28G,V68E,G75S,L32R,H64P,N140T
2jk7	A	P98170	BACULOVIRAL IAP REPEAT-CONTAINING PROTEIN 4	N340S
2ez7	A	P00918	Carbonic anhydrase 2	Q92P,H107Y,G144R,H94Y
2h15	A	P00918	Carbonic anhydrase 2	Q92P,H107Y,G144R,H94Y
2f1o	A	P15559	NAD(P)H dehydrogenase [quinone] 1	R139W
2p0r	A	O14815	Calpain-9	A102V,E316K,K259Q
2iw2	A	P12955	XAA-PRO DIPEPTIDASE	R184Q,I247T,D276N,G278D
2ens	A	Q15109	Advanced glycosylation end product-specific receptor	R300H
2enq	A	P42336	Phosphatidylinositol-4,5-bisphosphate 3-kinase catalytic subunit alpha isoform	V344M
2mef	A	P61626	LYSOZYME	I74T
2mg9	A	P01130	Low-density lipoprotein receptor	C338Y,C318R,C338S,C329Y,C318F
2fqi	A	Q02127	Dihydroorotate dehydrogenase, mitochondrial	R135C
2nof	A	O15527	N-glycosylase/DNA lyase	R229Q,R46Q,R131Q,R154H
2noz	A	O15527	N-glycosylase/DNA lyase	R229Q,R46Q,R131Q,R154H
2hxm	A	P13051	Uracil-DNA glycosylase	F251S
2hwq	A	P37231	Peroxisome proliferator-activated receptor gamma	F388L
2nsi	A	P35228	PROTEIN (NITRIC OXIDE SYNTHASE)	R221W
2nxt	A	P00918	carbonic anhydrase 2	Q92P,H107Y,G144R,H94Y
2j5e	A	P00533	EPIDERMAL GROWTH FACTOR RECEPTOR	L858M,T790M,V834L,L833V,L861Q
2n3x	A	Q13148	TAR DNA-binding protein 43	A315T,S332N,G335D,Q343R,N352S,G348C,M337V,Q331K,N345K
2o01	A	P05310	Photosystem I P700 chlorophyll a apoprotein A1	V173I,I44L
2n46	A	P01112	GTPase HRas	G60V,Q61K,T58I,G60D,Q61L
2n5e	A	P02647	Apolipoprotein A-I	L84R
2jcn	A	Q16611	BCL-2 HOMOLOGOUS ANTAGONIST/KILLER	A28V
2g1n	A	P00797	Renin	D104N
2g1r	A	P00797	Renin	D104N
2lu5	A	P00441	Superoxide dismutase [Cu-Zn]	G73S,A146T,G17S,L127S,C7F,L9Q,D125V,N140K,V15M,V15G,V149G,I113M,H81A,D77Y,D126H,N66S,F46C,D102G,R116G,A5S,L9V,S106L,E101G,L107V,V8E,L68R,G115A,H44R,D102N,N87S,C147R,I150T,L85V,V149I,I105F,E101K,I113T,A5V,G86R,L85F,A5T,H47R,E50K,H49Q
2lv1	A	P04156	Major prion protein	P105L,N171S,H187R,R208H,V180I,P102L,E211Q,Q217R,E196K,V210I,Q212P
2lz3	A	P05067	Amyloid beta A4 protein	V717G,T714A,V717I,V717F,I716V,T714I,V717L,L723P,I716F,K724N,L705V,A713T,I716T
2ylq	A	P10275	ANDROGEN RECEPTOR	M750V,R832Q,V867M,R775H,L813P,A766D,A766T,A871V,M743K,F726L,N772H,M781I
2zfi	A	P33173	Kinesin-like protein KIF1A, Kinesin heavy chain isoform 5C	L181F
2zij	A	P61626	Lysozyme C	I74T
2zik	A	P61626	Lysozyme C	I74T
2z7f	E	P08246	Leukocyte elastase	V82M,P205R,V101M,A61V,L121H,A127D,A57T,V219I,L121P,A57V,H53L,R81P,L84P,R191Q,I60T,V65D,C71F,L47P,F43L,L206F,C55Y,G214R,S46F,G85E,A233P,C71R,V177F,C71S,G203D,A127P,R220Q
2zt5	A	P41250	Glycyl-tRNA synthetase	G580R,I334F,I334S,I334N
2zt6	A	P41250	Glycyl-tRNA synthetase	G580R,I334F,I334S,I334N
2v01	A	P0DP23	CALMODULIN	F142L,D94A
2v10	C	P00797	RENIN	G217R,D104N
2v12	C	P00797	RENIN	G217R,D104N
2r3x	A	P08263	Glutathione S-transferase A1	R13Q
2w2n	E	P01130	LOW-DENSITY LIPOPROTEIN RECEPTOR	C338Y,C318R,C338S,C352Y,H327Y,C329Y,R350P,C318F
2vvb	X	P00918	CARBONIC ANHYDRASE 2	Q92P,H107Y,G144R,H94Y
2vv3	A	P37231	PEROXISOME PROLIFERATOR-ACTIVATED RECEPTOR GAMMA	R425C
2q5i	A	P41250	Glycyl-tRNA synthetase	G580R,I334F,I334S,I334N
2q6z	A	P06132	Uroporphyrinogen decarboxylase	A80S,L216Q,G156D,G303S,A80G,G318R,N304K,I334T,I260T,P235S,F232L,L161Q,L195F,H220P,R193P,E218K,S219F
2q71	A	P06132	Uroporphyrinogen decarboxylase	G318R,I334T,G281E,R193P,G281V,L216Q,R332H,L161Q,H220P,E218K,S219F,A80S,G156D,G303S,N304K,A80G,I260T,L195F,P235S,F232L
2wbd	A	P09467	FRUCTOSE-1,6-BISPHOSPHATASE 1	G164S,E281K
2ri7	A	Q12830	Nucleosome-remodeling factor subunit BPTF	M2870R
2xpg	A	P04439	HLA CLASS I HISTOCOMPATIBILITY ANTIGEN, A-3 ALPHA CHAIN	F133L,E87D
2pah	A	P00439	PROTEIN (PHENYLALANINE HYDROXYLASE)	L367P,Y206C,C334S,S303A,F331C,F410C,A342T,T328A,L424S,A395P,V388M,A395D,A313V,R413C,R297H,P407L,A309D,F392S,C203Y,R413H,N207D,E205A,R413S,E205K,R413P,N207S,Q336R,K371R,Y387H,H201Y,F299C,Q304R,A313T,Y343C,K320N,K341T,T372S,A434D,A322G,R252Q,V388L,R413G,P314T,Y386C,I318T,E390G,F392I,L430P,P362L,F331L,R400T,F410S,R408W,I306V,I406T,Y343D,Y343F,R252G,P314S,K341R,R252W,P407S,Y204C,D394H,G344V,L308V,A403V,Q301K,L311P,K363N,L255S,A342P,G344S,I340T,A373T,L255V,S310F,P362T,L333F,A395G,A322T,A309V,Y377C,R400K,P366H,Y206D,G344R,H201R,R408Q,D394A,F327L,C357G,L308F,S310Y,R297C,P314H,D338Y,Y325C,F402L,S303P
2pd5	A	P15121	Aldose reductase	K90E
2y74	B	Q16853	MEMBRANE PRIMARY AMINE OXIDASE	H167Y,I371T
3g70	B	P00797	Renin	D104N
3b68	A	P10275	Androgen receptor	M750V,R832Q,V867M,R775H,L813P,A766D,A766T,A871V,M743K,F726L,N772H,M781I
3b7o	A	Q06124	Tyrosine-protein phosphatase non-receptor type 11	T507K,F285Y,R498W,I282T,E258D,I282V,T468P,Q256R,G503E,S502A,Q510R,A461S,Q510H,Q510E,N308D,Q506P,F285C,N308S,F285S,Q510P,F285L,N308T,R501K,R498L,S502T,T468M,G503R,A461T,M504V,S502L,G464A
3f7p	A	Q15149	Plectin-1	R271Q
3ekk	A	P06213	Insulin receptor	I1143T,A1161T,V1012M,A1162E,W1227S,A1075D,R1201Q,R1158W,A1055V,R1119W,R1201W
3gxb	A	P04275	von Willebrand factor	R1583W,D1614G,I1628T,F1514C,V1539E,Q1556R,L1562P,L1580V,L1580P,G1579R,V1604F,L1503P
3dcs	A	P00918	Carbonic anhydrase 2	Q92P,H107Y,G144R,H94Y
3dc3	A	P00918	Carbonic anhydrase 2	Q92P,H107Y,G144R,H94Y
3d4q	A	P15056	B-Raf proto-oncogene serine/threonine-protein kinase	E501A,N621K,H574Q,G504E,F595L,D638E,L637V,E501G,D594V,N621D,G636V,G509E,D678E,E501K,K641Q,W531C,F508S,F635L
3d6m	A	P29466	Caspase-1	K226R,S188L
3hei	A	P29317	Ephrin type-A receptor 2	V165M
3e4e	A	P05181	Cytochrome P450 2E1	V179I
3et3	A	P37231	Peroxisome proliferator-activated receptor gamma	R425C
3csf	A	P48736	Phosphatidylinositol-4,5-bisphosphate 3-kinase catalytic subunit gamma isoform	T857A
3cu8	P	P04049	RAF proto-oncogene serine/threonine-protein kinase	P261L,T260R,N262K,P261T,P261A,R256S,P261R,V263A,P261S,V263D,R256G
3cwl	A	P01009	Alpha-1-antitrypsin	E366K
3apd	A	P48736	Phosphatidylinositol-4,5-bisphosphate 3-kinase catalytic subunit gamma isoform	T857A
3bel	A	P00533	Epidermal growth factor receptor	L858M,T790M,Q787R,V834L,L833V,L747F,L861Q
3bgg	A	P11172	Uridine 5'-monophosphate synthase	I446V
3bgp	A	P11309	Proto-oncogene serine/threonine-protein kinase Pim-1	P311T
3bgj	A	P11172	Uridine 5'-monophosphate synthase	I446V
3adv	A	P37231	Peroxisome proliferator-activated receptor gamma	R425C
3dvb	A	P00918	Carbonic anhydrase 2	Q92P,H107Y,G144R,H94Y
3ff6	A	O00763	Acetyl-CoA carboxylase 2	E1815K
3a5m	S	P06396	Gelsolin	A95T,A76V
3kgt	A	P02766	Transthyretin	F53L,G67E,T69I,F53I,V50A,L78R,G73E,E81K,A111S,A117S,T80A,E81G,V48M,K90N,A117G,T126N,F84L,I127M,L75P,V50L,L78H,A65T,G77R,C30R,G67R,Y89H,I93V,T69A,G67A,Y136S,I127V,F53V,H108R,T79K,V91A,L32P,V50M,L75Q,F64S,A65D,A65S,L75R,G67V
3k1r	A	Q9Y6N9	Harmonin	H34R,V130I
3hj5	B	P04156	Major prion protein	N171S,D202N,H187R,V180I,E211Q,V210I,Q217R,V203I,Q212P,F198S,D178N
3k23	B	P04150	Glucocorticoid receptor	V729I,L753F,D641V
3hl5	A	P98170	Baculoviral IAP repeat-containing protein 4	N340S
3k7k	A	P00918	Carbonic anhydrase 2	Q92P,H107Y,G144R,H94Y
3len	A	P15121	Aldose reductase	K90E
3lzb	A	P00533	Epidermal growth factor receptor	G719C,G719A,E734K,E709K,G719D,Q787R,G724S,E709A,R748P,L747F
3ibe	A	P48736	Phosphatidylinositol-4,5-bisphosphate 3-kinase catalytic subunit gamma isoform	T857A
3ipe	A	P02766	Transthyretin	F53L,F53I,V50A,L78R,E81K,A111S,A117S,T80A,E81G,K90N,A117G,T126N,F84L,I127M,L75P,V50L,L78H,G77R,C30R,Y89H,I93V,L131M,Y136S,I127V,F53V,H108R,V91A,L32P,V50M,L75Q,F64S,L75R,T79K
3iai	A	Q16790	Carbonic anhydrase 9	Q326R
3mi2	A	P11172	Uridine 5'-monophosphate synthase	I446V
3jti	B	P05067	octapeptide from Amyloid beta A4 protein	L705V
3l3o	A	P01024	Complement C3	D549N,R592Q,S550P
3lo5	C	P01112	GTPase HRas	G13D,G13C,G13V
3mxo	B	Q96HS1	Serine/threonine-protein phosphatase PGAM5, mitochondrial	P242L,L252V
3ncf	B	P16471	Prolactin receptor	I100V,I170L
3nce	B	P16471	Prolactin receptor	I100V,I170L
3nkx	P	P04049	Peptide of RAF proto-oncogene serine/threonine-protein kinase	P261L,T260R,N262K,P261T,P261A,R256S,P261R,V263A,P261S,V263D,R256G
3r7o	A	P08581	Hepatocyte growth factor receptor	T1191I
3r8i	A	P37231	Peroxisome proliferator-activated receptor gamma	R425C
3s5f	B	Q16595	Frataxin, mitochondrial	I154F,L198R,L182F,G130V,W155R,L106S
3s66	B	P68871	Hemoglobin subunit beta	L29R,T39P,N109I,L111P,Y131C,N109D,L107R,D95Y,D100A,F43V,F104V,L107Q,Y146D,D100H,F123S,L107P,V99E,N103H,V135A,F42C,S90T,L107V,V112F,V34M,F46Y,P37H,V99M,D100V,G108D,Q128R,H93R,Q132H,A28S,L106F,L29M,L89P,D100N,D100G,H64P,Q128P,F104I,F42S,A129P,R31T,N109S,T39I,H93Y,H64N,Q40H,A28G,Y146N,L33P,L32R,L33Q,L32V,A129V
3osw	A	P37231	Peroxisome proliferator-activated receptor gamma	R425C
3phb	E	P00491	Purine nucleoside phosphorylase	E89K,A117T,Y192C,G190V
3t82	A	P00918	Carbonic anhydrase 2	Q92P,H107Y,G144R,H94Y
3oy0	A	P00918	Carbonic anhydrase 2	Q92P,H107Y,G144R,H94Y
3p08	B	Q06187	Tyrosine-protein kinase BTK	M630T,L522P,G541D,K430R,A523E,M587L,R525G,Y551H,W563L,R520Q,R544T,C527S,W581R,A524P,V537E,P642R,F644Y,D504V,L647P,R544G,C502W,D521N,W581S,C506Y,D521H,G584R,F559S,M501T,M509T,D579V,D579N,C506F,C506R,I651T,M630K,R525P,L518R,V535F,F583S,A582D,F644S,L408P,W588R,S538P,L486P,M509V,V546A,E589G,G584W,I590F,Y591S,F540S,R520G,D521G,K430E,C502F,V585F,C633Y,L652P,W588C,Y476D,L647R,M477R,L512Q,A523V,A508D,I651S,G414R,C527F,E589K,L542P,L648P,R544K,F644L,R525Q,R544S,M509I,L512P,M587T,A582V,T643I
3r2p	A	P02647	Apolipoprotein A-I	G50R,L84R
3oim	A	P00918	Carbonic anhydrase 2	Q92P,H107Y,G144R,H94Y
3rld	A	P00918	Carbonic anhydrase 2	Q92P,H107Y,G144R,H94Y
3p58	A	P00918	Carbonic anhydrase 2	Q92P,H107Y,G144R,H94Y
3rnm	A	P09622	Dihydrolipoyl dehydrogenase, mitochondrial	K72E,G229C
3sjt	A	P05089	Arginase-1	D128G,I11T
3q5d	A	Q8WXF7	Atlastin-1	T156I,R416C,A350T,F402L,R217Q,R415W
3q77	A	P08246	Neutrophil elastase	P205R,L121H,A57T,L121P,A57V,H53L,I60T,V65D,C71F,L47P,F43L,L206F,C55Y,G214R,S46F,A166T,L152P,A233P,C71R,C71S,G203D
3q4f	C	Q13426	DNA repair protein XRCC4	N137K
3qnu	A	Q8WXF7	Atlastin-1	T156I,R416C,A350T,F402L,R217Q,R415W
3sbz	A	Q9Y4U1	Methylmalonic aciduria and homocystinuria type C protein	G156D,Q27R,L193P,R161G,L116P,Y130H,R189S,H122R,R161Q
3sby	B	Q9Y4U1	Methylmalonic aciduria and homocystinuria type C protein	R206P,G156D,R161G,L116P,Y130H,G147A,G147D,R206W,R161Q,W157C
3scr	A	Q75I93	Beta-glucosidase 7	N273V,I207V
3q04	A	P68400	Casein kinase II subunit alpha	Y50C,D156E
3ppk	B	P15056	Serine/threonine-protein kinase B-raf	E586K,H574Q,G504E,N621K,F595L,D638E,L637V,D594V,N621D,G636V,G509E,D678E,K641Q,W531C,F508S,F635L
3ty0	A	P37231	Peroxisome proliferator-activated receptor gamma	R425C
3u0d	A	P80188	Neutrophil gelatinase-associated lipocalin	T124M
3w4u	B	P68871	Hemoglobin subunit beta	G65A,N58S,L29R,T39P,N58H,N109I,L111P,N109D,L107R,A136D,F104V,D100A,L107Q,D100H,F123S,L107P,V99E,G137S,N103H,V135A,A54T,L107V,V112F,G137A,V34M,F46Y,P37H,V99M,V24I,D100V,G108D,Q128R,Q132H,V61E,A28S,L106F,V24A,L29M,D100N,D100G,G57C,H64P,Q128P,F104I,A136V,R31T,N109S,T39I,K60T,E27A,H64N,V134M,H117P,E27K,G30S,V134A,A28G,L33P,L32R,L33Q,L32V,N140T,Y131C
3wk8	A	P34913	Bifunctional epoxide hydrolase 2	P308S,R234Q,R50C,C101Y
3x1h	A	P37231	Peroxisome proliferator-activated receptor gamma	R425C
4cre	A	P03951	COAGULATION FACTOR XI	S594R,T404N,C416Y,A430V
4crg	A	P03951	COAGULATION FACTOR XI	T404N,G478R,S594R,C416Y,A430V
3v5g	A	P00918	Carbonic anhydrase 2	Q92P,H107Y,G144R,H94Y
4b95	I	P40337	VON HIPPEL-LINDAU DISEASE TUMOR SUPPRESSOR	L118R,N131T,R200W,L163P,L63P,L116V,L184R,L198R,Y156N,L184P,W117C,P154L,F136Y,K159E,G114S,Q132P,W117G
4bn5	A	Q9NTG7	NAD-DEPENDENT PROTEIN DEACETYLASE SIRTUIN-3, MITOCHONDRIAL	G227S
4app	A	O96013	SERINE/THREONINE-PROTEIN KINASE PAK 4	R555G
4az0	A	P10619	LYSOSOMAL PROTECTIVE PROTEIN 32 KDA CHAIN	W65R,S90L
4az0	B	P10619	LYSOSOMAL PROTECTIVE PROTEIN 20 KDA CHAIN	F440V,Y395C
3zxz	A	P08581	HEPATOCYTE GROWTH FACTOR RECEPTOR	T1191I
4bf6	A	P00918	CARBONIC ANHYDRASE 2	Q92P,H107Y,G144R,H94Y
4b1i	A	Q86W56	POLY(ADP-RIBOSE) GLYCOHYDROLASE	H887P
4bve	A	Q9NTG7	NAD-DEPENDENT PROTEIN DEACETYLASE SIRTUIN-3, MITOCHONDRIAL	G227S
4ca6	A	P12821	ANGIOTENSIN-CONVERTING ENZYME N-DOMAIN	P528T,Y244C
4cbn	A	P00746	COMPLEMENT FACTOR D	C214R,Y39C
4cc0	A	P78504	PROTEIN JAGGED-1	P269L,C284F,G33S,I120N,G33V,F75S,L79H,C78S,G274D,P123S,V146I,R252G,L37S,I39S,G33D,C92R,C187S,G256S,C187Y,W288C,C92Y,C271R,A127T
3zim	A	P42336	PHOSPHATIDYLINOSITOL 4,5-BISPHOSPHATE 3-KINASE CATALYTIC SUBUNIT ALPHA ISOFORM	E545K,E365K,I391M
4ci5	A	P37231	PEROXISOME PROLIFERATOR-ACTIVATED RECEPTOR GAMMA	R425C
4d9r	A	P00746	Complement factor D	Y39C
4c29	A	P04275	VON WILLEBRAND FACTOR	I1425F,V1316M,L1296P,L1383P,E1359K,K1362T,G1324A,F1369I,L1282R,R1315C,S1285F,V1279I
4fdl	B	P55210	Caspase-7	R249K
4fgk	A	P16083	Ribosyldihydronicotinamide dehydrogenase [quinone]	V184A
4gh7	A	P80188	Neutrophil gelatinase-associated lipocalin	P121S,T124M
4f9g	A	Q86WV6	Transmembrane protein 173	C206Y,G166E
4hn6	A	P04150	Glucocorticoid receptor	R477H
4iqr	F	P41235	Hepatocyte nuclear factor 4-alpha	T117I
4ibw	A	P04637	Cellular tumor antigen p53	V173A,R248P,R248W,R175G,R248Q,R158L,R158H,C238W,Y234H,C275Y,I195T,R273G,R175H,Y163C,I251L,F270S,C141Y,V173L,R273C,R273P,R213Q,V173M,R273S,R273H,M246V,C238Y
4ic3	B	P98170	E3 ubiquitin-protein ligase XIAP	T470S,I494N
4ibm	A	P06213	Insulin receptor	I1143T,A1161T,A1162E,E1206D,A1075D,R1201Q,E1206K,R1158W,M1180I,R1201W
4e4k	A	P37231	Peroxisome proliferator-activated receptor gamma	R425C
4fz3	A	Q9NTG7	NAD-dependent protein deacetylase sirtuin-3, mitochondrial	G227S
4ehe	B	P15056	Serine/threonine-protein kinase B-raf	E501A,H574Q,D638E,K641Q,G596V,L637V,N621D,G636V,G509E,D678E,N621K,G504E,E501G,D594V,E501K,W531C,F635L,F595L,F508S
4kzo	A	O75874	Isocitrate dehydrogenase [NADP] cytoplasmic	V71I,V178I
4ik7	A	P02766	Transthyretin	F53L,G67E,T69I,F53I,V50A,E74K,L78R,G73E,E81K,A111S,A117S,T80A,E81G,V48M,K90N,A117G,E74G,T126N,F84L,I127M,L75P,V50L,L78H,A65T,G77R,C30R,G67R,Y89H,I93V,T69A,L131M,G67A,Y136S,I127V,F53V,H108R,T79K,V91A,L32P,V50M,L75Q,F64S,A65D,A65S,L75R,G67V
4ijq	C	P00492	Hypoxanthine-guanine phosphoribosyltransferase	H204D,F74L,D201Y,I42T,H204R,D194N,C206Y,D135G,A161S,L78V,P176L,R45K,M54L,L49F,V53M,L41P,D80V,R51G,S162R,V8G,G71R,I132M,D177V,D177Y,D201N,I42F,V53A,V130D,L131S,A50P,G70E,D194E,D201G,R51P,I132T,R48H,A50V,M143K,F199V
4ikk	A	P02766	Transthyretin	F53L,G67E,T69I,F53I,V50A,L78R,G73E,E81K,A111S,A117S,T80A,E81G,V48M,K90N,A117G,T126N,F84L,I127M,L75P,V50L,L78H,A65T,G77R,C30R,G67R,Y89H,I93V,T69A,L131M,G67A,Y136S,I127V,F53V,H108R,T79K,V91A,L32P,V50M,L75Q,F64S,A65D,A65S,L75R,G67V
4ki5	M	P00451	Coagulation factor VIII	Q2265R,F2279C,L2229F,R2326Q,R2228P,R2339T,R2326G,G2198V,R2326L,Q2330P,V2251E,E2200D,I2204T,A2211P,R2228G,W2248S,V2251A,F2279I,R2228Q,W2290L,R2326P,W2248C,R2228L,W2332R,T2264A,P2224L
4kju	A	P98170	E3 ubiquitin-protein ligase XIAP	G188E
4jlk	B	P27707	Deoxycytidine kinase	I24V
4l5u	A	P00918	Carbonic anhydrase 2	Q92P,H107Y,G144R,H94Y
4jyv	H	P08709	Factor VII light chain	R342Q
4k1q	A	P00918	Carbonic anhydrase 2	Q92P,H107Y,G144R,H94Y
4jq7	A	P00533	Epidermal growth factor receptor	L858M,T790M,V834L,L833V,L861Q
4jsz	A	P00918	Carbonic anhydrase 2	Q92P,H107Y,G144R,H94Y
4jss	A	P00918	Carbonic anhydrase 2	Q92P,H107Y,G144R,H94Y
4j45	A	P98170	E3 ubiquitin-protein ligase XIAP	G188E
4j7x	A	P35270	Sepiapterin reductase	V38I
4gwd	A	P05089	Arginase-1	D128G,I11T
4hd8	A	Q9NTG7	NAD-dependent protein deacetylase sirtuin-3, mitochondrial	G227S
4hey	A	P00918	Carbonic anhydrase 2	Q92P,H107Y,G144R,H94Y
4hf3	A	P00918	Carbonic anhydrase 2	Q92P,H107Y,G144R,H94Y
4i23	A	P00533	Epidermal growth factor receptor	L858M,V834L,L833V,L861Q
4i18	R	P16471	Prolactin receptor	I170L
4i3l	A	O75874	Isocitrate dehydrogenase [NADP] cytoplasmic	V71I,V178I
4kr3	A	P41250	Glycine--tRNA ligase	G580R,I334F,I334S,I334N
4ksy	A	Q86WV6	Stimulator of interferon genes protein	C206Y,R284G,G166E
4iwv	A	P35557	Glucokinase isoform 3	T209M,V182M,C213R,T228M,V226M,G80S,G80A,M210K,I225M,F150S,G299R,V203A,E300Q,V367M,W257R,L309P,T206P,A259T,Y108H,V455M,E221K,E300K,V62M,E256K,M210T,L164P,T168P
4iw2	A	P02768	Serum albumin	R242H,R242P
4n7i	A	O00481	Butyrophilin subfamily 3 member A1	E362K
4qll	B	Q75I93	Beta-glucosidase 7	L470R,N273V,N218H,I207V
4n8t	B	P68871	Hemoglobin subunit beta	L29R,T39P,N109I,L111P,N109D,L107R,D95Y,D100A,F43V,F104V,L107Q,Y146D,D100H,F123S,H144N,L107P,V99E,H144L,N103H,V135A,F42C,S90T,L107V,V112F,V34M,F46Y,P37H,V99M,D100V,G108D,Q128R,H93R,Q132H,A28S,L106F,L29M,L89P,D100N,D100G,H64P,Q128P,F104I,F42S,A129P,R31T,N109S,T39I,H93Y,H64N,H117P,G30S,Q40H,A28G,Y146N,L33P,L32R,L33Q,L32V,N140T,A129V
4n7p	B	P68871	Hemoglobin subunit beta	K83Q,F86S,L107R,A136D,A87P,D95Y,D100A,F104V,L107Q,Y146D,D100H,A77P,H144N,L107P,V99E,K83E,G75D,G137S,H144L,K145M,H147Y,T85A,N103H,V135A,F42C,S90T,L107V,G137A,V99M,D100V,H93R,L106F,L89P,K83T,D100N,D100G,F104I,A136V,F42S,V2G,T85N,H93Y,V134A,G75S,Y146N,Q132H,N140T,V134M
4n7o	B	P68871	Hemoglobin subunit beta	T39P,N109I,N109D,K83Q,F86S,A136D,A87P,D95Y,D100A,F104V,Y146D,D100H,H144N,V99E,K83E,G75D,G137S,H144L,K145M,H147Y,T85A,N103H,V135A,F42C,S90T,A71P,G137A,V99M,D100V,H93R,L106F,L4M,L89P,K83T,D100N,D100G,F104I,A136V,F42S,V2G,T85N,N109S,T39I,H93Y,V134A,G75S,Y146N,Q132H,A71G,N140T,V134M
4o8z	A	Q9NTG7	NAD-dependent protein deacetylase sirtuin-3, mitochondrial	G227S
4lmu	A	P11309	Serine/threonine-protein kinase pim-1	P311T
4mqh	B	P68871	Hemoglobin subunit beta	L29R,T39P,N109I,L111P,Y131C,N109D,L107R,D95Y,D100A,F43V,F104V,L107Q,Y146D,D100H,F123S,L107P,V99E,N103H,V135A,F42C,S90T,L107V,V112F,V34M,P37H,V99M,D100V,G108D,Q128R,H93R,Q132H,A28S,L106F,L29M,L89P,D100N,D100G,H64P,Q128P,F104I,F42S,A129P,R31T,N109S,T39I,H93Y,H64N,H117P,G30S,Q40H,A28G,Y146N,L33P,L32R,L33Q,L32V,A129V
4mqi	B	P68871	Hemoglobin subunit beta	L29R,T39P,N109I,L111P,Y131C,N109D,L107R,A136D,D95Y,D100A,F43V,F104V,L107Q,Y146D,D100H,F123S,L107P,V99E,N103H,V135A,Y146N,F42C,S90T,L107V,V112F,V34M,P37H,V99M,D100V,G108D,Q128R,H93R,Q132H,V61E,A28S,L106F,L29M,L89P,D100N,D100G,H64P,Q128P,F104I,A136V,F42S,A129P,R31T,N109S,T39I,H93Y,H64N,H117P,Q40H,A28G,V68E,L33P,L32R,L33Q,L32V,A129V
4mrc	A	P02766	Transthyretin	F53L,G67E,F53I,E109K,V50A,E74K,L78R,E81K,A111S,T80A,E81G,Y98F,K90N,E74G,T126N,W61L,F84L,I127M,L75P,V50L,L78H,A65T,E109Q,C30R,G67R,Y89H,I93V,L131M,G67A,Y136S,I127V,F53V,H108R,T79K,V91A,L32P,V50M,L75Q,F64S,A65D,A65S,L75R,G67V
4neh	B	P05107	Integrin beta-2	L105P,A270V,D300V
4oel	A	P53634	Dipeptidyl peptidase 1 Heavy chain	G301S
4m7l	T	P13726	Tissue factor	E228K
4mas	A	P02766	Transthyretin	F53L,F53I,V50A,E74K,L78R,E81K,A111S,A117S,T80A,E81G,K90N,A117G,E74G,T126N,F84L,I127M,L75P,V50L,L78H,G77R,C30R,Y89H,I93V,L131M,Y136S,I127V,S70I,F53V,H108R,S70R,T79K,V91A,L32P,S72P,L75Q,F64S,L75R,V50M
4ny9	A	O75469	Nuclear receptor subfamily 1 group I member 2	A370T
4pwi	A	P02766	Transthyretin	F53L,G67E,F53I,V50A,L78R,E81K,A111S,A117S,T80A,E81G,K90N,A117G,T126N,F84L,I127M,L75P,V50L,L78H,A65T,I88L,G77R,G67R,Y89H,I93V,L131M,G67A,Y136S,I127V,F53V,H108R,T79K,V91A,V50M,L75Q,F64S,A65D,A65S,L75R,G67V
4pvn	B	P02766	Transthyretin	F53L,F53I,V50A,L78R,E81K,A111S,T80A,E81G,K90N,T126N,F84L,I127M,L75P,V50L,L78H,C30R,Y89H,I93V,L131M,Y136S,I127V,F53V,H108R,V91A,L32P,V50M,L75Q,F64S,L75R,T79K
4pxa	A	O00571	ATP-dependent RNA helicase DDX3X	T532M,S382R,R326C
4pmf	A	P02766	Transthyretin	F53L,V142A,G67E,F53I,V50A,E74K,L78R,E81K,V142I,A111S,A117S,T80A,E81G,K90N,A117G,E74G,T126N,F84L,I127M,L75P,V50L,L78H,A65T,I88L,G77R,C30R,G67R,Y89H,I93V,G67A,Y136S,I127V,F53V,H108R,T79K,V91A,A140S,L32P,V50M,L75Q,A65D,A65S,L75R,G67V
4pmp	A	P04629	High affinity nerve growth factor receptor	R649W,H598Y,G714S,R654C
4poc	B	P60174	Triosephosphate isomerase	E105D
4ls2	A	Q02127	Dihydroorotate dehydrogenase (quinone), mitochondrial	R135C
4qoh	A	P16083	Ribosyldihydronicotinamide dehydrogenase [quinone]	V184A
4p34	A	Q99497	Protein DJ-1	M26I,A104T
4lyh	A	P01116	GTPase KRas	G60V,Q22R,G60R,Q61H,Q22E,T58I,G60S,Q22L,V14I
4rfz	A	Q06187	Tyrosine-protein kinase BTK	L522P,G541D,K430R,A523E,M587L,R525G,Y551H,W563L,R520Q,R544T,C527S,W581R,A524P,V537E,F644Y,D504V,R544G,C502W,D521N,W581S,C506Y,D521H,G584R,F559S,M501T,M509T,D579V,D579N,G594R,C506F,C506R,S592Y,R525P,L518R,V535F,G594E,F583S,A582D,F644S,W588R,S538P,L486P,M509V,V546A,S575R,E589G,G584W,I590F,Y591S,F540S,E445D,R520G,D521G,K430E,C502F,V585F,W588C,Y476D,S578Y,M477R,L512Q,A523V,A508D,S575I,L452P,C527F,E589K,L542P,S592P,R544K,F644L,R525Q,R544S,M509I,L512P,M587T,A582V
4riv	A	P00918	Carbonic anhydrase 2	Q92P,H107Y,G144R,H94Y
4rix	D	P00533	Epidermal growth factor receptor	L858M,T790M,Q787R,V834L,L833V,S703F,L861Q
4r8m	A	Q8IXJ6	NAD-dependent protein deacetylase sirtuin-2	A161T
4wrg	A	P00533	Epidermal growth factor receptor	L858M,T790M,V834L,L833V,L861Q
4tlk	A	P02766	Transthyretin	F53L,V142A,G67E,T69I,F53I,E109K,V50A,L78R,G73E,V142I,A111S,T80A,K90N,T126N,F84L,I127M,L75P,V50L,L78H,A65T,G77R,E109Q,C30R,G67R,Y89H,I93V,T69A,L131M,G67A,Y136S,I127V,F53V,H108R,T79K,V91A,L32P,V50M,L75Q,F64S,A65D,A65S,L75R,G67V
4tls	A	P02766	Transthyretin	F53L,G67E,F53I,V50A,L78R,E81K,A111S,T80A,E81G,K90N,T126N,F84L,I127M,L75P,V50L,L78H,A65T,G77R,C30R,G67R,Y89H,I93V,L131M,G67A,Y136S,I127V,F53V,H108R,T79K,V91A,L32P,V50M,L75Q,F64S,A65D,A65S,L75R,G67V
4tm9	A	P02766	Transthyretin	G67E,V50A,L78R,E81K,A111S,T80A,E81G,V48M,K90N,T126N,W61L,I127M,L75P,V50L,L78H,A65T,G77R,C30R,G67R,Y89H,I93V,L131M,G67A,Y136S,I127V,H108R,T79K,V91A,A140S,L32P,V50M,L75Q,F64S,A65D,A65S,L75R,G67V
4tlt	A	P02766	Transthyretin	F53L,F53I,E109K,V50A,L78R,A111S,A117S,T80A,V48M,K90N,A117G,T126N,F84L,I127M,L75P,V50L,L78H,A65T,E109Q,Y89H,I93V,L131M,Y136S,I127V,F53V,H108R,V91A,A140S,L32P,V50M,L75Q,F64S,A65D,A65S,L75R,T79K
4wl4	A	P00918	Carbonic anhydrase 2	Q92P,H107Y,G144R,H94Y
4wvt	A	P98170	E3 ubiquitin-protein ligase XIAP	G188E
4wwp	A	P48736	Phosphatidylinositol 4,5-bisphosphate 3-kinase catalytic subunit gamma isoform	T857A
4x6o	A	P03951	Coagulation factor XI, light chain	F460V,T404N,G478R,S594R,C416Y,A430V
4xs3	A	O75874	Isocitrate dehydrogenase [NADP] cytoplasmic	V71I,V178I
4xv2	B	P15056	Serine/threonine-protein kinase B-raf	E501A,H574Q,D638E,K641Q,E586K,G596V,G469R,L637V,G509E,G466V,F468S,G466A,E501G,D594V,E501K,G466E,W531C,F595L,S467A,G469E,F508S
4uiu	A	Q9H8M2	BROMODOMAIN-CONTAINING PROTEIN 9	A213T
4uiv	A	Q9H8M2	BROMODOMAIN-CONTAINING PROTEIN 9	A213T
4uwc	A	P11362	FIBROBLAST GROWTH FACTOR RECEPTOR 1	R718G
4y2s	A	P34913	Bifunctional epoxide hydrolase 2	P308S,R234Q,R50C,C101Y
4uow	1	Q8WZ42	Obscurin	R7253H
5aef	A	P05067	AMYLOID BETA A4 PROTEIN	L705V
5ake	A	P34913	BIFUNCTIONAL EPOXIDE HYDROLASE 2	P308S,R234Q,R50C,C101Y
5ali	A	P34913	BIFUNCTIONAL EPOXIDE HYDROLASE 2	P308S,R234Q,R50C,C101Y
5a46	B	P11362	FIBROBLAST GROWTH FACTOR RECEPTOR 1 (FMS-RELATED TYROSINE KINASE 2, PFEIFFER SYNDROME), ISOFORM CRA_B	R718G
5aoj	B	P04637	CELLULAR TUMOR ANTIGEN P53	D281G,D281V,P151S,Y220S,C238W,Y220C,Y234H,C275Y,H179Y,I195T,C141Y,R175G,C242Y,P152L,C238Y,R175H,H179Q
4zht	A	Q9Y223	Bifunctional UDP-N-acetylglucosamine 2-epimerase/N-acetylmannosamine kinase	R129Q
4ybh	A	Q15109	Advanced glycosylation end product-specific receptor	R77C,R300H
5byc	A	Q9H477	Ribokinase	I254T
5csw	A	P15056	Serine/threonine-protein kinase B-raf	H574Q,D638E,K641Q,E586K,L637V,N621D,G636V,G509E,I463S,G466V,N621K,G504E,F468S,G466A,D594V,G466E,W531C,F635L,E541G,F595L,S467A,E541K,F508S,E541V
5cu3	A	P68400	Casein kinase II subunit alpha	D156E
5cu5	A	Q6P179	Endoplasmic reticulum aminopeptidase 2	L624Q
4yyh	B	Q9H8M2	Bromodomain-containing protein 9	A213T
5brv	A	P00918	Carbonic anhydrase 2	Q92P,H107Y,G144R,H94Y
5cbx	B	P04150	AncGR DNA Binding Domain	C421Y,R477H
4zvw	A	P49419	Alpha-aminoadipic semialdehyde dehydrogenase	T384A,I97V
4ygj	A	P00918	Carbonic anhydrase 2	Q92P,H107Y,G144R,H94Y
4ylw	A	Q02127	Dihydroorotate dehydrogenase (quinone), mitochondrial	R135C
4yne	A	P04629	High affinity nerve growth factor receptor	G714S,R649W,H598Y,P695L,R654C,G613V
5e28	A	P00918	Carbonic anhydrase 2	Q92P,H107Y,G144R,H94Y
5e2s	A	P00918	Carbonic anhydrase 2	Q92P,H107Y,G144R,H94Y
5e29	B	P68871	Hemoglobin subunit beta	G65A,L29R,T39P,N109I,L111P,N109D,L107R,A136D,K67N,F104V,D100A,L107Q,D100H,K67E,F123S,L107P,G137S,N103H,V135A,L107V,V112F,G137A,P37H,G108D,D22V,V24I,D100V,Q128R,Q132H,V61E,A28S,L106F,V24A,L29M,D100N,D100G,H64P,Q128P,F104I,E23D,A136V,R31T,V21E,N109S,T39I,E27A,H64N,V134M,H117P,L69F,E27K,G30S,V134A,A28G,V68E,L33P,L32R,L33Q,L32V,Y131C
5a8z	A	P08246	Neutrophil elastase	P205R,L121H,A57T,L121P,A57V,H53L,I60T,V65D,C71F,L47P,F43L,L206F,C55Y,G214R,S46F,A166T,L152P,A233P,C71R,C71S,G203D
5h8g	A	P68400	Casein kinase II subunit alpha	D156E
5h8t	A	P09455	Retinol-binding protein 1	M112V
5i8p	A	Q13093	Platelet-activating factor acetylhydrolase	K191N,R182I,V279F
5jyp	A	O94925	Glutaminase kidney isoform, mitochondrial	A432S
5kij	A	Q9UKM7	Endoplasmic reticulum mannosyl-oligosaccharide 1,2-alpha-mannosidase	R334C
5hu6	B	P68871	Hemoglobin subunit beta	G65A,L29R,T39P,N109I,L111P,N109D,L107R,K67N,F104V,D100A,F43V,L107Q,D100H,K67E,L107P,V99E,N103H,F42C,L107V,V34M,F46Y,P37H,V99M,V24I,D100V,H93R,V61E,A28S,L106F,V24A,L29M,D100N,D100G,H64P,F104I,F42S,R31T,N109S,T39I,K60T,H93Y,E27A,H64N,L69F,E27K,G30S,E44G,Q40H,A28G,V68E,L33P,L32R,L33Q,L32V
5eh7	A	P00918	Carbonic anhydrase 2	Q92P,H107Y,G144R,H94Y
5feq	A	P00533	Epidermal growth factor receptor	G719C,G719A,L858M,G719D,T790M,Q787R,G724S,L833V,V834L
5fee	A	P00533	Epidermal growth factor receptor	L858M,T790M,V834L,L833V,L861Q
5fp0	A	P34913	BIFUNCTIONAL EPOXIDE HYDROLASE 2	P308S,R234Q,R50C,C101Y
5hkx	A	P22681	E3 ubiquitin-protein ligase CBL	C396R
5hnu	A	P42330	Aldo-keto reductase family 1 member C3	R199Q
5hg9	A	P00533	Epidermal growth factor receptor	L858M,E734K,E709K,T790M,Q787R,V834L,L833V,E709A,L747F,L861Q
5ji8	A	Q9H8M2	Bromodomain-containing protein 9	A213T
5jjm	A	P10275	Androgen receptor	M750V,R832Q,V867M,R775H,L813P,A871V,M743K,F726L,N772H,M781I
5jjm	B	P10275	Androgen receptor	M750V,L813P,A766D,A766T,R856H,F726L,N772H,R856C
5ifw	B	P55072	Transitional endoplasmic reticulum ATPase	T262A,R155C,R155H,L198W,R95G,R155P,R95C
5iza	A	P25054	Adenomatous polyposis coli protein	S722G,R414C
5j07	A	P00441	Superoxide dismutase [Cu-Zn],Superoxide dismutase [Cu-Zn],Superoxide dismutase [Cu-Zn],Superoxide dismutase [Cu-Zn]	A146T,V15M,V15G,E22G,I113M,F46C,L107V,L39R,H44R,N87S,E22K,C147R,I150T,L85V,I113T,G86R,L85F,L39V,H47R
5jqt	A	P00918	Carbonic anhydrase 2	Q92P,H107Y,G144R,H94Y
5jr8	B	P80188	Neutrophil gelatinase-associated lipocalin	P121S,T124M
5gix	A	P02768	Serum albumin	L90P
5ni1	B	P68871	Hemoglobin subunit beta	T39P,N109I,N109D,K83Q,F86S,L107R,A136D,A87P,D100A,F104V,L107Q,Y146D,D100H,H144N,L107P,V99E,K83E,G137S,H144L,K145M,H147Y,T85A,N103H,V135A,F42C,S90T,L107V,G137A,P37H,V99M,D100V,G108D,H93R,L106F,K83T,D100N,D100G,F104I,A136V,F42S,V2G,T85N,N109S,T39I,H93Y,V134M,V134A,Y146N,Q132H,L32R,V34M,L32V,N140T,Y131C
5nhg	B	P09622	Dihydrolipoyl dehydrogenase, mitochondrial	E375K
5oq4	A	P48736	Phosphatidylinositol 4,5-bisphosphate 3-kinase catalytic subunit gamma isoform	T857A
5nn8	A	P10253	Lysosomal alpha-glucosidase	W746S,D645E,Y292C,R725W,C647W,R702H,G607D,R660H,C374R,P545L,W330G,G293R,G643R,R702L,V816I,P361L,R600C,D645H,H612Q,R672W,T614K,W746C,E521K,L552P,M318T,E262K,R672Q,W402R,G219R,L632R,R600H,E579K,D645N,M519T,M519V,A237V,Y575S,L312R,R702C
5nps	A	O15294	UDP-N-acetylglucosamine--peptide N-acetylglucosaminyltransferase 110 kDa subunit	N648Y
5kos	B	P00797	Renin	D104N
5l4j	A	P02766	Transthyretin	F53L,G67E,T69I,F53I,V50A,E74K,L78R,G73E,E81K,A111S,A117S,T80A,E81G,V48M,K90N,A117G,E74G,T126N,F84L,I127M,L75P,V50L,L78H,A65T,G77R,C30R,G67R,Y89H,I93V,T69A,L131M,G67A,Y136S,I127V,F53V,H108R,T79K,V91A,A140S,L32P,V50M,L75Q,A65D,A65S,L75R,G67V
5l4i	A	P02766	Transthyretin	F53L,G67E,T69I,F53I,E109K,V50A,E74K,L78R,G73E,E81K,A111S,A117S,T80A,E81G,V48M,K90N,A117G,E74G,T126N,F84L,I127M,L75P,V50L,L78H,A65T,G77R,E109Q,C30R,G67R,Y89H,I93V,T69A,L131M,G67A,Y136S,I127V,F53V,H108R,T79K,V91A,L32P,V50M,L75Q,A65D,A65S,L75R,G67V
5mmr	A	P68400	Casein kinase II subunit alpha	D156E
5lbu	A	P16083	Ribosyldihydronicotinamide dehydrogenase [quinone]	V184A
5lby	A	P16083	Ribosyldihydronicotinamide dehydrogenase [quinone]	V184A
5o11	A	P11309	Serine/threonine-protein kinase pim-1	P311T
5o1d	A	P04637	Cellular tumor antigen p53	E285K,V173A,P152L,R248P,R248W,E286K,R248Q,D281G,R158L,D281V,R158H,R273G,K292I,R110P,Y163C,I251L,E258K,F270S,L265P,V173L,R267W,R273C,R273P,R213Q,R282W,V173M,R273S,R273H,M246V,R110L
5o1g	B	P04637	Cellular tumor antigen p53	P151S,Y220S,C238W,Y220C,R181H,Y234H,C275Y,H179Y,I195T,C141Y,R175G,C242Y,P152L,C238Y,R175H,H179Q
5o2z	B	P06396	Gelsolin	D214N,D214Y
5nv2	A	Q9UBC3	DNA (cytosine-5)-methyltransferase 3B	S270P
5nba	A	P00746	Complement factor D	C214R,Y39C
5nvw	F	P40337	Von Hippel-Lindau disease tumor suppressor	I147T,A149T,S111R,V155M,F136Y,E70K,F76S,Q145H,S80R,S68W,N131T,R107P,Y112N,S65W,P81S,D143E,R79P,Y112H,H115Y,I151T,N78T,N78S,L101R,P154L,V130L,G114S,F119S,G106D,Q132P,T105P,V74G,H115Q,S111C,F119L,S80I,S65L
5lwv	A	O15294	Host cell factor 1,UDP-N-acetylglucosamine--peptide N-acetylglucosaminyltransferase 110 kDa subunit	N648Y
5lyk	A	O00481	Butyrophilin subfamily 3 member A1	E362K
5kyn	A	Q15436	Protein transport protein Sec23A	F382L
5llh	A	P00918	Carbonic anhydrase 2	Q92P,H107Y,G144R,H94Y
5lle	A	P00918	Carbonic anhydrase 2	Q92P,H107Y,G144R,H94Y
5ll8	A	P00918	Carbonic anhydrase 2	Q92P,H107Y,G144R,H94Y
5tfd	A	P13569	Cystic fibrosis transmembrane conductance regulator	E504Q,Y563N,P574H,V456A,M394R,A561E,V562L,D572N,V520F,R560T,L568F,Y563C,Y563D,L467P,I539T,G622D,Y569D,I444T,S573C,A559V,A559T,V520I,R560K,I502T,A455E,L633I,R560S,Q493P,I556V,L558S,Q493R,F508C
5tfx	A	P00918	Carbonic anhydrase 2	Q92P,H107Y,G144R,H94Y
5vmm	B	P68871	Hemoglobin subunit beta	G65A,N58S,L29R,T39P,N58H,N109I,L111P,Y131C,N109D,L107R,A136D,K67N,F104V,D100A,F43V,L107Q,D100H,K67E,F123S,L107P,G137S,N103H,V135A,F42C,A54T,L107V,V112F,G137A,V34M,F46Y,P37H,G108D,D22V,V24I,D100V,Q128R,Q132H,V61E,A28S,L106F,V24A,V19G,L29M,D100N,D100G,G57C,H64P,Q128P,F104I,E23D,F42S,D53Y,R31T,A129P,A136V,V21E,N109S,T39I,K60T,E27A,H64N,V134M,H117P,L69F,E27K,G30S,E44G,Q40H,V134A,A28G,V68E,L33P,L32R,L33Q,L32V,A129V
5uos	A	Q9Y4U1	Methylmalonic aciduria and homocystinuria type C protein	R206P,G156D,Q27R,L193P,R161G,L116P,Y130H,G147A,G147D,D3H,R206W,R161Q,W157C
5sz7	A	P00918	Carbonic anhydrase 2	Q92P,H107Y,G144R,H94Y
5sz1	A	P00918	Carbonic anhydrase 2	Q92P,H107Y,G144R,H94Y
5tun	A	P43235	Cathepsin K	C318Y,L309P,A277V,G146R
5vp7	A	P01116	GTPase KRas	G60V,I36M,G60R,K5N,T58I,G60S,V14I
5vq1	A	P01116	GTPase KRas	G60V,I36M,G60R,K5N,T58I,G60S,V14I
5qck	A	P03951	Coagulation factor XI	T404N,G478R,S594R,C416Y,A430V
