From	Entry	Entry Name	Gene Names
O00204	O00204	ST2B1_HUMAN	SULT2B1 HSST2
O00206	O00206	TLR4_HUMAN	TLR4
O00255	O00255	MEN1_HUMAN	MEN1 SCG2
O00329	O00329	PK3CD_HUMAN	PIK3CD
O00429	O00429	DNM1L_HUMAN	DNM1L DLP1 DRP1
O00481	O00481	BT3A1_HUMAN	BTN3A1 BTF5
O00571	O00571	DDX3X_HUMAN	DDX3X DBX DDX3
O00757	O00757	F16P2_HUMAN	FBP2
O00763	O00763	ACACB_HUMAN	ACACB ACC2 ACCB
O14593	O14593	RFXK_HUMAN	RFXANK ANKRA1 RFXB
O14727	O14727	APAF_HUMAN	APAF1 KIAA0413
O14793	O14793	GDF8_HUMAN	MSTN GDF8
O14815	O14815	CAN9_HUMAN	CAPN9 NCL4
O14920	O14920	IKKB_HUMAN	IKBKB IKKB
O14936	O14936	CSKP_HUMAN	CASK LIN2
O15151	O15151	MDM4_HUMAN	MDM4 MDMX
O15294	O15294	OGT1_HUMAN	OGT
O15382	O15382	BCAT2_HUMAN	BCAT2 BCATM BCT2 ECA40
O15392	O15392	BIRC5_HUMAN	BIRC5 API4 IAP4
O15527	O15527	OGG1_HUMAN	OGG1 MMH MUTM OGH1
O43157	O43157	PLXB1_HUMAN	PLXNB1 KIAA0407 PLXN5 SEP
O43353	O43353	RIPK2_HUMAN	RIPK2 CARDIAK RICK RIP2 UNQ277/PRO314/PRO34092
O43435	O43435	TBX1_HUMAN	TBX1
O43464	O43464	HTRA2_HUMAN	HTRA2 OMI PRSS25
O43602	O43602	DCX_HUMAN	DCX DBCN LISX
O60260	O60260	PRKN_HUMAN	PRKN PARK2
O60341	O60341	KDM1A_HUMAN	KDM1A AOF2 KDM1 KIAA0601 LSD1
O60496	O60496	DOK2_HUMAN	DOK2
O60716	O60716	CTND1_HUMAN	CTNND1 KIAA0384
O60936	O60936	NOL3_HUMAN	NOL3 ARC NOP
O75147	O75147	OBSL1_HUMAN	OBSL1 KIAA0657
O75469	O75469	NR1I2_HUMAN	NR1I2 PXR
O75581	O75581	LRP6_HUMAN	LRP6
O75815	O75815	BCAR3_HUMAN	BCAR3 NSP2 SH2D3B UNQ271/PRO308
O75874	O75874	IDHC_HUMAN	IDH1 PICD
O76074	O76074	PDE5A_HUMAN	PDE5A PDE5
O94925	O94925	GLSK_HUMAN	GLS GLS1 KIAA0838
O95831	O95831	AIFM1_HUMAN	AIFM1 AIF PDCD8
O95989	O95989	NUDT3_HUMAN	NUDT3 DIPP DIPP1
O96013	O96013	PAK4_HUMAN	PAK4 KIAA1142
O96017	O96017	CHK2_HUMAN	CHEK2 CDS1 CHK2 RAD53
P00325	P00325	ADH1B_HUMAN	ADH1B ADH2
P00338	P00338	LDHA_HUMAN	LDHA PIG19
P00352	P00352	AL1A1_HUMAN	ALDH1A1 ALDC ALDH1 PUMB1
P00390	P00390	GSHR_HUMAN	GSR GLUR GRD1
P00439	P00439	PH4H_HUMAN	PAH
P00441	P00441	SODC_HUMAN	SOD1
P00451	P00451	FA8_HUMAN	F8 F8C
P00488	P00488	F13A_HUMAN	F13A1 F13A
P00491	P00491	PNPH_HUMAN	PNP NP
P00492	P00492	HPRT_HUMAN	HPRT1 HPRT
P00533	P00533	EGFR_HUMAN	EGFR ERBB ERBB1 HER1
P00734	P00734	THRB_HUMAN	F2
P00746	P00746	CFAD_HUMAN	CFD DF PFD
P00747	P00747	PLMN_HUMAN	PLG
P00748	P00748	FA12_HUMAN	F12
P00797	P00797	RENI_HUMAN	REN
P00918	P00918	CAH2_HUMAN	CA2
P01008	P01008	ANT3_HUMAN	SERPINC1 AT3 PRO0309
P01009	P01009	A1AT_HUMAN	SERPINA1 AAT PI PRO0684 PRO2209
P01024	P01024	CO3_HUMAN	C3 CPAMD1
P01031	P01031	CO5_HUMAN	C5 CPAMD4
P01034	P01034	CYTC_HUMAN	CST3
P01111	P01111	RASN_HUMAN	NRAS HRAS1
P01112	P01112	RASH_HUMAN	HRAS HRAS1
P01116	P01116	RASK_HUMAN	KRAS KRAS2 RASK2
P01130	P01130	LDLR_HUMAN	LDLR
P01137	P01137	TGFB1_HUMAN	TGFB1 TGFB
P01241	P01241	SOMA_HUMAN	GH1
P01730	P01730	CD4_HUMAN	CD4
P01833	P01833	PIGR_HUMAN	PIGR
P01889	P01889	HLAB_HUMAN	HLA-B HLAB
P01909	P01909	DQA1_HUMAN	HLA-DQA1
P01911	P01911	DRB1_HUMAN	HLA-DRB1
P01920	P01920	DQB1_HUMAN	HLA-DQB1 HLA-DQB
P02461	P02461	CO3A1_HUMAN	COL3A1
P02511	P02511	CRYAB_HUMAN	CRYAB CRYA2 HSPB5
P02647	P02647	APOA1_HUMAN	APOA1
P02675	P02675	FIBB_HUMAN	FGB
P02730	P02730	B3AT_HUMAN	SLC4A1 AE1 DI EPB3
P02743	P02743	SAMP_HUMAN	APCS PTX2
P02749	P02749	APOH_HUMAN	APOH B2G1
P02751	P02751	FINC_HUMAN	FN1 FN
P02766	P02766	TTHY_HUMAN	TTR PALB
P02768	P02768	ALBU_HUMAN	ALB GIG20 GIG42 PRO0903 PRO1708 PRO2044 PRO2619 PRO2675 UNQ696/PRO1341
P02774	P02774	VTDB_HUMAN	GC
P02786	P02786	TFR1_HUMAN	TFRC
P02787	P02787	TRFE_HUMAN	TF PRO1400
P02788	P02788	TRFL_HUMAN	LTF GIG12 LF
P03951	P03951	FA11_HUMAN	F11
P04049	P04049	RAF1_HUMAN	RAF1 RAF
P04062	P04062	GBA1_HUMAN	GBA1 GBA GC GLUC
P04150	P04150	GCR_HUMAN	NR3C1 GRL
P04156	P04156	PRIO_HUMAN	PRNP ALTPRP PRIP PRP
P04180	P04180	LCAT_HUMAN	LCAT
P04275	P04275	VWF_HUMAN	VWF F8VWF
P04439	P04439	HLAA_HUMAN	HLA-A HLAA
P04440	P04440	DPB1_HUMAN	HLA-DPB1 HLA-DP1B
P04629	P04629	NTRK1_HUMAN	NTRK1 MTC TRK TRKA
P04637	P04637	P53_HUMAN	TP53 P53
P04746	P04746	AMYP_HUMAN	AMY2A
P04792	P04792	HSPB1_HUMAN	HSPB1 HSP27 HSP28
P05067	P05067	A4_HUMAN	APP A4 AD1
P05089	P05089	ARGI1_HUMAN	ARG1
P05091	P05091	ALDH2_HUMAN	ALDH2 ALDM
P05093	P05093	CP17A_HUMAN	CYP17A1 CYP17 S17AH
P05106	P05106	ITB3_HUMAN	ITGB3 GP3A
P05107	P05107	ITB2_HUMAN	ITGB2 CD18 MFI7
P05120	P05120	PAI2_HUMAN	SERPINB2 PAI2 PLANH2
P05181	P05181	CP2E1_HUMAN	CYP2E1 CYP2E
P05543	P05543	THBG_HUMAN	SERPINA7 TBG
P05546	P05546	HEP2_HUMAN	SERPIND1 HCF2
P06132	P06132	DCUP_HUMAN	UROD
P06213	P06213	INSR_HUMAN	INSR
P06276	P06276	CHLE_HUMAN	BCHE CHE1
P06396	P06396	GELS_HUMAN	GSN
P07288	P07288	KLK3_HUMAN	KLK3 APS
P07315	P07315	CRGC_HUMAN	CRYGC CRYG3
P07320	P07320	CRGD_HUMAN	CRYGD CRYG4
P07359	P07359	GP1BA_HUMAN	GP1BA
P07711	P07711	CATL1_HUMAN	CTSL CTSL1
P07858	P07858	CATB_HUMAN	CTSB CPSB
P07949	P07949	RET_HUMAN	RET CDHF12 CDHR16 PTC RET51
P07954	P07954	FUMH_HUMAN	FH
P08174	P08174	DAF_HUMAN	CD55 CR DAF
P08183	P08183	MDR1_HUMAN	ABCB1 MDR1 PGY1
P08235	P08235	MCR_HUMAN	NR3C2 MCR MLR
P08246	P08246	ELNE_HUMAN	ELANE ELA2
P08263	P08263	GSTA1_HUMAN	GSTA1
P08514	P08514	ITA2B_HUMAN	ITGA2B GP2B ITGAB
P08567	P08567	PLEK_HUMAN	PLEK P47
P08581	P08581	MET_HUMAN	MET
P08603	P08603	CFAH_HUMAN	CFH HF HF1 HF2
P08670	P08670	VIME_HUMAN	VIM
P08684	P08684	CP3A4_HUMAN	CYP3A4 CYP3A3
P08709	P08709	FA7_HUMAN	F7
P08758	P08758	ANXA5_HUMAN	ANXA5 ANX5 ENX2 PP4
P08887	P08887	IL6RA_HUMAN	IL6R
P09001	P09001	RM03_HUMAN	MRPL3 MRL3 RPML3
P09237	P09237	MMP7_HUMAN	MMP7 MPSL1 PUMP1
P09455	P09455	RET1_HUMAN	RBP1 CRBP1
P09467	P09467	F16P1_HUMAN	FBP1 FBP
P09493	P09493	TPM1_HUMAN	TPM1 C15orf13 TMSA
P09622	P09622	DLDH_HUMAN	DLD GCSL LAD PHE3
P09874	P09874	PARP1_HUMAN	PARP1 ADPRT PPOL
P0DP23	P0DP23	CALM1_HUMAN	CALM1 CALM CAM CAM1
P10153	P10153	RNAS2_HUMAN	RNASE2 EDN RNS2
P10253	P10253	LYAG_HUMAN	GAA
P10275	P10275	ANDR_HUMAN	AR DHTR NR3C4
P10619	P10619	PPGB_HUMAN	CTSA PPGB
P10635	P10635	CP2D6_HUMAN	CYP2D6 CYP2DL1
P10636	P10636	TAU_HUMAN	MAPT MAPTL MTBT1 TAU
P10721	P10721	KIT_HUMAN	KIT SCFR
P11172	P11172	UMPS_HUMAN	UMPS OK/SW-cl.21
P11309	P11309	PIM1_HUMAN	PIM1
P11362	P11362	FGFR1_HUMAN	FGFR1 BFGFR CEK FGFBR FLG FLT2 HBGFR
P11387	P11387	TOP1_HUMAN	TOP1
P11413	P11413	G6PD_HUMAN	G6PD
P11509	P11509	CP2A6_HUMAN	CYP2A6 CYP2A3
P11511	P11511	CP19A_HUMAN	CYP19A1 ARO1 CYAR CYP19
P11712	P11712	CP2C9_HUMAN	CYP2C9 CYP2C10
P12081	P12081	HARS1_HUMAN	HARS1 HARS HRS
P12271	P12271	RLBP1_HUMAN	RLBP1 CRALBP
P12694	P12694	ODBA_HUMAN	BCKDHA
P12821	P12821	ACE_HUMAN	ACE DCP DCP1
P12830	P12830	CADH1_HUMAN	CDH1 CDHE UVO
P12883	P12883	MYH7_HUMAN	MYH7 MYHCB
P12955	P12955	PEPD_HUMAN	PEPD PRD
P13051	P13051	UNG_HUMAN	UNG DGU UNG1 UNG15
P13569	P13569	CFTR_HUMAN	CFTR ABCC7
P13688	P13688	CEAM1_HUMAN	CEACAM1 BGP BGP1
P13726	P13726	TF_HUMAN	F3
P13747	P13747	HLAE_HUMAN	HLA-E HLA-6.2 HLAE
P13861	P13861	KAP2_HUMAN	PRKAR2A PKR2 PRKAR2
P14207	P14207	FOLR2_HUMAN	FOLR2
P14210	P14210	HGF_HUMAN	HGF HPTA
P14778	P14778	IL1R1_HUMAN	IL1R1 IL1R IL1RA IL1RT1
P14780	P14780	MMP9_HUMAN	MMP9 CLG4B
P14867	P14867	GBRA1_HUMAN	GABRA1
P15056	P15056	BRAF_HUMAN	BRAF BRAF1 RAFB1
P15121	P15121	ALDR_HUMAN	AKR1B1 ALDR1 ALR2
P15498	P15498	VAV_HUMAN	VAV1 VAV
P15559	P15559	NQO1_HUMAN	NQO1 DIA4 NMOR1
P15813	P15813	CD1D_HUMAN	CD1D
P16083	P16083	NQO2_HUMAN	NQO2 NMOR2
P16144	P16144	ITB4_HUMAN	ITGB4
P16219	P16219	ACADS_HUMAN	ACADS
P16278	P16278	BGAL_HUMAN	GLB1 ELNR1
P16471	P16471	PRLR_HUMAN	PRLR
P17927	P17927	CR1_HUMAN	CR1 C3BR
P18074	P18074	ERCC2_HUMAN	ERCC2 XPD XPDC
P18206	P18206	VINC_HUMAN	VCL
P18507	P18507	GBRG2_HUMAN	GABRG2
P18858	P18858	DNLI1_HUMAN	LIG1
P19235	P19235	EPOR_HUMAN	EPOR
P19429	P19429	TNNI3_HUMAN	TNNI3 TNNC1
P20023	P20023	CR2_HUMAN	CR2 C3DR
P20036	P20036	DPA1_HUMAN	HLA-DPA1 HLA-DP1A HLASB
P20591	P20591	MX1_HUMAN	MX1
P20701	P20701	ITAL_HUMAN	ITGAL CD11A
P20813	P20813	CP2B6_HUMAN	CYP2B6
P21589	P21589	5NTD_HUMAN	NT5E NT5 NTE
P21695	P21695	GPDA_HUMAN	GPD1
P21802	P21802	FGFR2_HUMAN	FGFR2 BEK KGFR KSAM
P21953	P21953	ODBB_HUMAN	BCKDHB
P22102	P22102	PUR2_HUMAN	GART PGFT PRGS
P22303	P22303	ACES_HUMAN	ACHE
P22607	P22607	FGFR3_HUMAN	FGFR3 JTK4
P22681	P22681	CBL_HUMAN	CBL CBL2 RNF55
P22894	P22894	MMP8_HUMAN	MMP8 CLG1
P25054	P25054	APC_HUMAN	APC DP2.5
P27487	P27487	DPP4_HUMAN	DPP4 ADCP2 CD26
P27695	P27695	APEX1_HUMAN	APEX1 APE APE1 APEX APX HAP1 REF1
P27707	P27707	DCK_HUMAN	DCK
P27986	P27986	P85A_HUMAN	PIK3R1 GRB1
P28062	P28062	PSB8_HUMAN	PSMB8 LMP7 PSMB5i RING10 Y2
P28472	P28472	GBRB3_HUMAN	GABRB3
P29016	P29016	CD1B_HUMAN	CD1B
P29218	P29218	IMPA1_HUMAN	IMPA1 IMPA
P29274	P29274	AA2AR_HUMAN	ADORA2A ADORA2
P29317	P29317	EPHA2_HUMAN	EPHA2 ECK
P29460	P29460	IL12B_HUMAN	IL12B NKSF2
P29466	P29466	CASP1_HUMAN	CASP1 IL1BC IL1BCE
P29972	P29972	AQP1_HUMAN	AQP1 CHIP28
P30038	P30038	AL4A1_HUMAN	ALDH4A1 ALDH4 P5CDH
P30153	P30153	2AAA_HUMAN	PPP2R1A
P30542	P30542	AA1R_HUMAN	ADORA1
P30838	P30838	AL3A1_HUMAN	ALDH3A1 ALDH3
P31941	P31941	ABC3A_HUMAN	APOBEC3A
P32927	P32927	IL3RB_HUMAN	CSF2RB IL3RB IL5RB
P32929	P32929	CGL_HUMAN	CTH
P33981	P33981	TTK_HUMAN	TTK MPS1 MPS1L1
P34913	P34913	HYES_HUMAN	EPHX2
P35228	P35228	NOS2_HUMAN	NOS2 NOS2A
P35240	P35240	MERL_HUMAN	NF2 SCH
P35270	P35270	SPRE_HUMAN	SPR
P35555	P35555	FBN1_HUMAN	FBN1 FBN
P35557	P35557	HXK4_HUMAN	GCK
P35670	P35670	ATP7B_HUMAN	ATP7B PWD WC1 WND
P36222	P36222	CH3L1_HUMAN	CHI3L1
P36871	P36871	PGM1_HUMAN	PGM1
P36897	P36897	TGFR1_HUMAN	TGFBR1 ALK5 SKR4
P37173	P37173	TGFR2_HUMAN	TGFBR2
P37231	P37231	PPARG_HUMAN	PPARG NR1C3
P37268	P37268	FDFT_HUMAN	FDFT1
P37840	P37840	SYUA_HUMAN	SNCA NACP PARK1
P39905	P39905	GDNF_HUMAN	GDNF
P40337	P40337	VHL_HUMAN	VHL
P41235	P41235	HNF4A_HUMAN	HNF4A HNF4 NR2A1 TCF14
P41250	P41250	GARS_HUMAN	GARS1 GARS
P41595	P41595	5HT2B_HUMAN	HTR2B
P42226	P42226	STAT6_HUMAN	STAT6
P42330	P42330	AK1C3_HUMAN	AKR1C3 DDH1 HSD17B5 KIAA0119 PGFS
P42336	P42336	PK3CA_HUMAN	PIK3CA
P42768	P42768	WASP_HUMAN	WAS IMD2
P42773	P42773	CDN2C_HUMAN	CDKN2C CDKN6
P43220	P43220	GLP1R_HUMAN	GLP1R
P43235	P43235	CATK_HUMAN	CTSK CTSO CTSO2
P43403	P43403	ZAP70_HUMAN	ZAP70 SRK
P45381	P45381	ACY2_HUMAN	ASPA ACY2 ASP
P45452	P45452	MMP13_HUMAN	MMP13
P46531	P46531	NOTC1_HUMAN	NOTCH1 TAN1
P46976	P46976	GLYG_HUMAN	GYG1 GYG
P47870	P47870	GBRB2_HUMAN	GABRB2
P47871	P47871	GLR_HUMAN	GCGR
P47992	P47992	XCL1_HUMAN	XCL1 LTN SCYC1
P48436	P48436	SOX9_HUMAN	SOX9
P48736	P48736	PK3CG_HUMAN	PIK3CG
P48775	P48775	T23O_HUMAN	TDO2 TDO
P49419	P49419	AL7A1_HUMAN	ALDH7A1 ATQ1
P49675	P49675	STAR_HUMAN	STAR STARD1
P49711	P49711	CTCF_HUMAN	CTCF
P49721	P49721	PSB2_HUMAN	PSMB2
P49768	P49768	PSN1_HUMAN	PSEN1 AD3 PS1 PSNL1
P49770	P49770	EI2BB_HUMAN	EIF2B2 EIF2BB
P49917	P49917	DNLI4_HUMAN	LIG4
P50542	P50542	PEX5_HUMAN	PEX5 PXR1
P51570	P51570	GALK1_HUMAN	GALK1 GALK
P51671	P51671	CCL11_HUMAN	CCL11 SCYA11
P51812	P51812	KS6A3_HUMAN	RPS6KA3 ISPK1 MAPKAPK1B RSK2
P52179	P52179	MYOM1_HUMAN	MYOM1
P52333	P52333	JAK3_HUMAN	JAK3
P52895	P52895	AK1C2_HUMAN	AKR1C2 DDH2
P52952	P52952	NKX25_HUMAN	NKX2-5 CSX NKX2.5 NKX2E
P53396	P53396	ACLY_HUMAN	ACLY
P53634	P53634	CATC_HUMAN	CTSC CPPI
P54619	P54619	AAKG1_HUMAN	PRKAG1
P54725	P54725	RD23A_HUMAN	RAD23A
P55072	P55072	TERA_HUMAN	VCP
P55210	P55210	CASP7_HUMAN	CASP7 MCH3
P55211	P55211	CASP9_HUMAN	CASP9 MCH6
P55957	P55957	BID_HUMAN	BID
P56199	P56199	ITA1_HUMAN	ITGA1
P56279	P56279	TCL1A_HUMAN	TCL1A TCL1
P57764	P57764	GSDMD_HUMAN	GSDMD DFNA5L GSDMDC1 FKSG10
P60174	P60174	TPIS_HUMAN	TPI1 TPI
P60900	P60900	PSA6_HUMAN	PSMA6 PROS27
P60953	P60953	CDC42_HUMAN	CDC42
P61247	P61247	RS3A_HUMAN	RPS3A FTE1 MFTL
P61626	P61626	LYSC_HUMAN	LYZ LZM
P62873	P62873	GBB1_HUMAN	GNB1
P63316	P63316	TNNC1_HUMAN	TNNC1 TNNC
P68400	P68400	CSK21_HUMAN	CSNK2A1 CK2A1
P68871	P68871	HBB_HUMAN	HBB
P78310	P78310	CXAR_HUMAN	CXADR CAR
P78330	P78330	SERB_HUMAN	PSPH
P78417	P78417	GSTO1_HUMAN	GSTO1 GSTTLP28
P78504	P78504	JAG1_HUMAN	JAG1 JAGL1
P80188	P80188	NGAL_HUMAN	LCN2 HNL NGAL
P98170	P98170	XIAP_HUMAN	XIAP API3 BIRC4 IAP3
Q02127	Q02127	PYRD_HUMAN	DHODH
Q02763	Q02763	TIE2_HUMAN	TEK TIE2 VMCM VMCM1
Q02790	Q02790	FKBP4_HUMAN	FKBP4 FKBP52
Q03164	Q03164	KMT2A_HUMAN	KMT2A ALL1 CXXC7 HRX HTRX MLL MLL1 TRX1
Q04446	Q04446	GLGB_HUMAN	GBE1
Q04656	Q04656	ATP7A_HUMAN	ATP7A MC1 MNK
Q05315	Q05315	LEG10_HUMAN	CLC LGALS10 LGALS10A
Q06124	Q06124	PTN11_HUMAN	PTPN11 PTP2C SHPTP2
Q06187	Q06187	BTK_HUMAN	BTK AGMX1 ATK BPK
Q06278	Q06278	AOXA_HUMAN	AOX1 AO
Q06609	Q06609	RAD51_HUMAN	RAD51 RAD51A RECA
Q07075	Q07075	AMPE_HUMAN	ENPEP
Q07812	Q07812	BAX_HUMAN	BAX BCL2L4
Q07889	Q07889	SOS1_HUMAN	SOS1
Q08881	Q08881	ITK_HUMAN	ITK EMT LYK
Q09472	Q09472	EP300_HUMAN	EP300 P300
Q12756	Q12756	KIF1A_HUMAN	KIF1A ATSV C2orf20
Q12809	Q12809	KCNH2_HUMAN	KCNH2 ERG ERG1 HERG
Q12830	Q12830	BPTF_HUMAN	BPTF FAC1 FALZ
Q12840	Q12840	KIF5A_HUMAN	KIF5A NKHC1
Q12879	Q12879	NMDE1_HUMAN	GRIN2A NMDAR2A
Q12923	Q12923	PTN13_HUMAN	PTPN13 PNP1 PTP1E PTPL1
Q13084	Q13084	RM28_HUMAN	MRPL28 MAAT1
Q13093	Q13093	PAFA_HUMAN	PLA2G7 PAFAH
Q13126	Q13126	MTAP_HUMAN	MTAP MSAP
Q13144	Q13144	EI2BE_HUMAN	EIF2B5 EIF2BE
Q13148	Q13148	TADBP_HUMAN	TARDBP TDP43
Q13200	Q13200	PSMD2_HUMAN	PSMD2 TRAP2
Q13232	Q13232	NDK3_HUMAN	NME3
Q13362	Q13362	2A5G_HUMAN	PPP2R5C KIAA0044
Q13426	Q13426	XRCC4_HUMAN	XRCC4
Q13469	Q13469	NFAC2_HUMAN	NFATC2 NFAT1 NFATP
Q13501	Q13501	SQSTM_HUMAN	SQSTM1 ORCA OSIL
Q13509	Q13509	TBB3_HUMAN	TUBB3 TUBB4
Q13596	Q13596	SNX1_HUMAN	SNX1
Q13614	Q13614	MTMR2_HUMAN	MTMR2 KIAA1073
Q13642	Q13642	FHL1_HUMAN	FHL1 SLIM1
Q13651	Q13651	I10R1_HUMAN	IL10RA IL10R
Q13867	Q13867	BLMH_HUMAN	BLMH
Q13976	Q13976	KGP1_HUMAN	PRKG1 PRKG1B PRKGR1A PRKGR1B
Q14204	Q14204	DYHC1_HUMAN	DYNC1H1 DHC1 DNCH1 DNCL DNECL DYHC KIAA0325
Q14232	Q14232	EI2BA_HUMAN	EIF2B1 EIF2BA
Q14524	Q14524	SCN5A_HUMAN	SCN5A
Q14623	Q14623	IHH_HUMAN	IHH
Q14653	Q14653	IRF3_HUMAN	IRF3
Q14790	Q14790	CASP8_HUMAN	CASP8 MCH5
Q14896	Q14896	MYPC3_HUMAN	MYBPC3
Q15008	Q15008	PSMD6_HUMAN	PSMD6 KIAA0107 PFAAP4
Q15027	Q15027	ACAP1_HUMAN	ACAP1 CENTB1 KIAA0050
Q15109	Q15109	RAGE_HUMAN	AGER RAGE
Q15149	Q15149	PLEC_HUMAN	PLEC PLEC1
Q15311	Q15311	RBP1_HUMAN	RALBP1 RLIP RLIP1 RLIP76
Q15436	Q15436	SC23A_HUMAN	SEC23A
Q15796	Q15796	SMAD2_HUMAN	SMAD2 MADH2 MADR2
Q15811	Q15811	ITSN1_HUMAN	ITSN1 ITSN SH3D1A
Q15910	Q15910	EZH2_HUMAN	EZH2 KMT6
Q16540	Q16540	RM23_HUMAN	MRPL23 L23MRP RPL23L
Q16595	Q16595	FRDA_HUMAN	FXN FRDA X25
Q16611	Q16611	BAK_HUMAN	BAK1 BAK BCL2L7 CDN1
Q16637	Q16637	SMN_HUMAN	SMN1 SMN SMNT; SMN2 SMNC
Q16678	Q16678	CP1B1_HUMAN	CYP1B1
Q16690	Q16690	DUS5_HUMAN	DUSP5 VH3
Q16696	Q16696	CP2AD_HUMAN	CYP2A13
Q16769	Q16769	QPCT_HUMAN	QPCT
Q16790	Q16790	CAH9_HUMAN	CA9 G250 MN
Q16853	Q16853	AOC3_HUMAN	AOC3 VAP1
Q4KMG0	Q4KMG0	CDON_HUMAN	CDON CDO
Q53GS7	Q53GS7	GLE1_HUMAN	GLE1 GLE1L
Q5D1E8	Q5D1E8	ZC12A_HUMAN	ZC3H12A MCPIP MCPIP1
Q5JVG2	Q5JVG2	ZN484_HUMAN	ZNF484
Q5RKV6	Q5RKV6	EXOS6_HUMAN	EXOSC6 MTR3
Q5TFQ8	Q5TFQ8	SIRBL_HUMAN	SIRPB1
Q5VST9	Q5VST9	OBSCN_HUMAN	OBSCN KIAA1556 KIAA1639
Q6NS38	Q6NS38	ALKB2_HUMAN	ALKBH2 ABH2
Q6P179	Q6P179	ERAP2_HUMAN	ERAP2 LRAP
Q6PIF6	Q6PIF6	MYO7B_HUMAN	MYO7B
Q6ZYL4	Q6ZYL4	TF2H5_HUMAN	GTF2H5 C6orf175 TTDA
Q7KZF4	Q7KZF4	SND1_HUMAN	SND1 TDRD11
Q7Z2E3	Q7Z2E3	APTX_HUMAN	APTX AXA1
Q7Z6M4	Q7Z6M4	MTEF4_HUMAN	MTERF4 MTERFD2 HSPC096
Q7Z7F7	Q7Z7F7	RM55_HUMAN	MRPL55 UNQ5835/PRO19675
Q86UX7	Q86UX7	URP2_HUMAN	FERMT3 KIND3 MIG2B URP2
Q86W56	Q86W56	PARG_HUMAN	PARG
Q86WA6	Q86WA6	BPHL_HUMAN	BPHL MCNAA
Q86WV6	Q86WV6	STING_HUMAN	STING1 ERIS MITA STING TMEM173
Q8IW75	Q8IW75	SPA12_HUMAN	SERPINA12
Q8IXJ6	Q8IXJ6	SIR2_HUMAN	SIRT2 SIR2L SIR2L2
Q8IYW5	Q8IYW5	RN168_HUMAN	RNF168
Q8N0V3	Q8N0V3	RBFA_HUMAN	RBFA C18orf22
Q8N543	Q8N543	OGFD1_HUMAN	OGFOD1 KIAA1612 TPA1
Q8N6T7	Q8N6T7	SIR6_HUMAN	SIRT6 SIR2L6
Q8NB16	Q8NB16	MLKL_HUMAN	MLKL
Q8NB78	Q8NB78	KDM1B_HUMAN	KDM1B AOF1 C6orf193 LSD2
Q8NBP7	Q8NBP7	PCSK9_HUMAN	PCSK9 NARC1 PSEC0052
Q8NFU3	Q8NFU3	TSTD1_HUMAN	TSTD1 KAT
Q8NHL6	Q8NHL6	LIRB1_HUMAN	LILRB1 ILT2 LIR1 MIR7
Q8TAE8	Q8TAE8	G45IP_HUMAN	GADD45GIP1 MRPL59 PLINP1 PRG6
Q8WTR7	Q8WTR7	ZN473_HUMAN	ZNF473 KIAA1141 ZFP100
Q8WUM4	Q8WUM4	PDC6I_HUMAN	PDCD6IP AIP1 ALIX KIAA1375
Q8WXF7	Q8WXF7	ATLA1_HUMAN	ATL1 GBP3 SPG3A
Q8WZ42	Q8WZ42	TITIN_HUMAN	TTN
Q92466	Q92466	DDB2_HUMAN	DDB2
Q92484	Q92484	ASM3A_HUMAN	SMPDL3A ASML3A
Q92542	Q92542	NICA_HUMAN	NCSTN KIAA0253 UNQ1874/PRO4317
Q92600	Q92600	CNOT9_HUMAN	CNOT9 RCD1 RQCD1
Q92793	Q92793	CBP_HUMAN	CREBBP CBP
Q92889	Q92889	XPF_HUMAN	ERCC4 ERCC11 XPF
Q96CA5	Q96CA5	BIRC7_HUMAN	BIRC7 KIAP LIVIN MLIAP RNF50 UNQ5800/PRO19607/PRO21344
Q96CB9	Q96CB9	NSUN4_HUMAN	NSUN4
Q96HS1	Q96HS1	PGAM5_HUMAN	PGAM5
Q96LB8	Q96LB8	PGRP4_HUMAN	PGLYRP4 PGRPIB SBBI67
Q99497	Q99497	PARK7_HUMAN	PARK7
Q99593	Q99593	TBX5_HUMAN	TBX5
Q99707	Q99707	METH_HUMAN	MTR
Q99958	Q99958	FOXC2_HUMAN	FOXC2 FKHL14 MFH1
Q9BSQ5	Q9BSQ5	CCM2_HUMAN	CCM2 C7orf22 PP10187
Q9BUT1	Q9BUT1	DHRS6_HUMAN	BDH2 DHRS6 SDR15C1 UNQ6308/PRO20933
Q9BXM0	Q9BXM0	PRAX_HUMAN	PRX KIAA1620
Q9BYD2	Q9BYD2	RM09_HUMAN	MRPL9
Q9BZY9	Q9BZY9	TRI31_HUMAN	TRIM31 C6orf13 RNF
Q9C000	Q9C000	NLRP1_HUMAN	NLRP1 CARD7 DEFCAP KIAA0926 NAC NALP1
Q9C0J8	Q9C0J8	WDR33_HUMAN	WDR33 WDC146
Q9GZV9	Q9GZV9	FGF23_HUMAN	FGF23 HYPF UNQ3027/PRO9828
Q9GZX6	Q9GZX6	IL22_HUMAN	IL22 ILTIF ZCYTO18 UNQ3099/PRO10096
Q9H0F7	Q9H0F7	ARL6_HUMAN	ARL6 BBS3
Q9H3D4	Q9H3D4	P63_HUMAN	TP63 KET P63 P73H P73L TP73L
Q9H3H5	Q9H3H5	GPT_HUMAN	DPAGT1 DPAGT2
Q9H477	Q9H477	RBSK_HUMAN	RBKS RBSK
Q9H611	Q9H611	PIF1_HUMAN	PIF1 C15orf20
Q9H8M2	Q9H8M2	BRD9_HUMAN	BRD9 UNQ3040/PRO9856
Q9H900	Q9H900	ZWILC_HUMAN	ZWILCH
Q9H9Q4	Q9H9Q4	NHEJ1_HUMAN	NHEJ1 XLF
Q9HAN9	Q9HAN9	NMNA1_HUMAN	NMNAT1 NMNAT
Q9HD33	Q9HD33	RM47_HUMAN	MRPL47 NCM1 CGI-204
Q9NP92	Q9NP92	RT30_HUMAN	MRPS30 PDCD9 BM-047
Q9NPH0	Q9NPH0	PPA6_HUMAN	ACP6 ACPL1 LPAP UNQ205/PRO231
Q9NQ50	Q9NQ50	RM40_HUMAN	MRPL40 NLVCF URIM
Q9NRG4	Q9NRG4	SMYD2_HUMAN	SMYD2 KMT3C
Q9NTG7	Q9NTG7	SIR3_HUMAN	SIRT3 SIR2L3
Q9NUW8	Q9NUW8	TYDP1_HUMAN	TDP1
Q9NUX5	Q9NUX5	POTE1_HUMAN	POT1
Q9NX01	Q9NX01	TXN4B_HUMAN	TXNL4B DIM2 DLP
Q9NX20	Q9NX20	RM16_HUMAN	MRPL16 PNAS-111
Q9NXA8	Q9NXA8	SIR5_HUMAN	SIRT5 SIR2L5
Q9NZN5	Q9NZN5	ARHGC_HUMAN	ARHGEF12 KIAA0382 LARG
Q9NZN9	Q9NZN9	AIPL1_HUMAN	AIPL1 AIPL2
Q9P0M9	Q9P0M9	RM27_HUMAN	MRPL27 HSPC250
Q9P243	Q9P243	ZFAT_HUMAN	ZFAT KIAA1485 ZFAT1 ZNF406
Q9UBC3	Q9UBC3	DNM3B_HUMAN	DNMT3B
Q9UBP0	Q9UBP0	SPAST_HUMAN	SPAST ADPSP FSP2 KIAA1083 SPG4
Q9UG22	Q9UG22	GIMA2_HUMAN	GIMAP2 IMAP2
Q9UHN1	Q9UHN1	DPOG2_HUMAN	POLG2 MTPOLB
Q9UI10	Q9UI10	EI2BD_HUMAN	EIF2B4 EIF2BD
Q9UJ71	Q9UJ71	CLC4K_HUMAN	CD207 CLEC4K
Q9UJW3	Q9UJW3	DNM3L_HUMAN	DNMT3L
Q9UJY5	Q9UJY5	GGA1_HUMAN	GGA1
Q9UKM7	Q9UKM7	MA1B1_HUMAN	MAN1B1 UNQ747/PRO1477
Q9ULC6	Q9ULC6	PADI1_HUMAN	PADI1 PAD1 PDI1
Q9ULZ2	Q9ULZ2	STAP1_HUMAN	STAP1 BRDG1
Q9UMX1	Q9UMX1	SUFU_HUMAN	SUFU UNQ650/PRO1280
Q9Y223	Q9Y223	GLCNE_HUMAN	GNE GLCNE
Q9Y233	Q9Y233	PDE10_HUMAN	PDE10A
Q9Y253	Q9Y253	POLH_HUMAN	POLH RAD30 RAD30A XPV
Q9Y3R4	Q9Y3R4	NEUR2_HUMAN	NEU2
Q9Y4U1	Q9Y4U1	MMAC_HUMAN	MMACHC
Q9Y6K9	Q9Y6K9	NEMO_HUMAN	IKBKG FIP3 NEMO
Q9Y6N9	Q9Y6N9	USH1C_HUMAN	USH1C AIE75
Q9Y6R1	Q9Y6R1	S4A4_HUMAN	SLC4A4 NBC NBC1 NBCE1
